
C:\Users\teemm\reacte_projets\EmpireCut\android>if "Windows_NT" == "Windows_NT" setlocal

C:\Users\teemm\reacte_projets\EmpireCut\android>set DIRNAME=C:\Users\teemm\reacte_projets\EmpireCut\android\ 

C:\Users\teemm\reacte_projets\EmpireCut\android>if "C:\Users\teemm\reacte_projets\EmpireCut\android\" == "" set DIRNAME=. 

C:\Users\teemm\reacte_projets\EmpireCut\android>set APP_BASE_NAME=gradlew 

C:\Users\teemm\reacte_projets\EmpireCut\android>set APP_HOME=C:\Users\teemm\reacte_projets\EmpireCut\android\ 

C:\Users\teemm\reacte_projets\EmpireCut\android>for %i in ("C:\Users\teemm\reacte_projets\EmpireCut\android\") do set APP_HOME=%~fi 

C:\Users\teemm\reacte_projets\EmpireCut\android>set APP_HOME=C:\Users\teemm\reacte_projets\EmpireCut\android\ 

C:\Users\teemm\reacte_projets\EmpireCut\android>set DEFAULT_JVM_OPTS="-Xmx64m" "-Xms64m" 

C:\Users\teemm\reacte_projets\EmpireCut\android>if defined JAVA_HOME goto findJavaFromJavaHome 

C:\Users\teemm\reacte_projets\EmpireCut\android>set JAVA_HOME=C:\Program Files\Eclipse Adoptium\jdk-17.0.15.6-hotspot 

C:\Users\teemm\reacte_projets\EmpireCut\android>set JAVA_EXE=C:\Program Files\Eclipse Adoptium\jdk-17.0.15.6-hotspot/bin/java.exe 

C:\Users\teemm\reacte_projets\EmpireCut\android>if exist "C:\Program Files\Eclipse Adoptium\jdk-17.0.15.6-hotspot/bin/java.exe" goto execute 

C:\Users\teemm\reacte_projets\EmpireCut\android>"C:\Program Files\Eclipse Adoptium\jdk-17.0.15.6-hotspot/bin/java.exe" "-Xmx64m" "-Xms64m"   "-Dorg.gradle.appname=gradlew" -jar "C:\Users\teemm\reacte_projets\EmpireCut\android\\gradle\wrapper\gradle-wrapper.jar" assembleRelease --no-daemon --max-workers=1 --console=plain --info 
Initialized native services in: C:\Users\teemm\.gradle\native
Initialized jansi services in: C:\Users\teemm\.gradle\native
To honour the JVM settings for this build a single-use Daemon process will be forked. For more on this, please refer to https://docs.gradle.org/9.3.1/userguide/gradle_daemon.html#sec:disabling_the_daemon in the Gradle documentation.
Starting process 'Gradle build daemon'. Working directory: C:\Users\teemm\.gradle\daemon\9.3.1 Command: C:\Program Files\Eclipse Adoptium\jdk-17.0.15.6-hotspot\bin\java.exe --add-opens=java.base/java.lang=ALL-UNNAMED --add-opens=java.base/java.lang.invoke=ALL-UNNAMED --add-opens=java.base/java.util=ALL-UNNAMED --add-opens=java.prefs/java.util.prefs=ALL-UNNAMED --add-exports=jdk.compiler/com.sun.tools.javac.api=ALL-UNNAMED --add-exports=jdk.compiler/com.sun.tools.javac.util=ALL-UNNAMED --add-opens=java.base/java.util=ALL-UNNAMED --add-opens=java.prefs/java.util.prefs=ALL-UNNAMED --add-opens=java.base/java.nio.charset=ALL-UNNAMED --add-opens=java.base/java.net=ALL-UNNAMED --add-opens=java.base/java.util.concurrent=ALL-UNNAMED --add-opens=java.base/java.util.concurrent.atomic=ALL-UNNAMED --add-opens=java.xml/javax.xml.namespace=ALL-UNNAMED --add-opens=java.base/java.time=ALL-UNNAMED -XX:MaxMetaspaceSize=512m -Xmx2048m -Dfile.encoding=windows-1252 -Duser.country=CM -Duser.language=fr -Duser.variant -cp C:\Users\teemm\.gradle\wrapper\dists\gradle-9.3.1-bin\23ovyewtku6u96viwx3xl3oks\gradle-9.3.1\lib\gradle-daemon-main-9.3.1.jar -javaagent:C:\Users\teemm\.gradle\wrapper\dists\gradle-9.3.1-bin\23ovyewtku6u96viwx3xl3oks\gradle-9.3.1\lib\agents\gradle-instrumentation-agent-9.3.1.jar org.gradle.launcher.daemon.bootstrap.GradleDaemon 9.3.1
Successfully started process 'Gradle build daemon'
An attempt to start the daemon took 12.698 secs.
The client will now receive all logging from the daemon (pid: 18548). The daemon log file: C:\Users\teemm\.gradle\daemon\9.3.1\daemon-18548.out.log
Daemon will be stopped at the end of the build 
Using 1 worker leases.
Operational build model parameters: {requiresToolingModels=false, parallelProjectExecution=false, configureOnDemand=false, configurationCache=false, configurationCacheParallelStore=false, configurationCacheParallelLoad=true, isolatedProjects=false, parallelProjectConfiguration=false, intermediateModelCache=false, parallelToolingApiActions=false, invalidateCoupledProjects=false, modelAsProjectDependency=false, resilientModelBuilding=false}
Received JVM installation metadata from 'C:\Program Files\Eclipse Adoptium\jdk-17.0.15.6-hotspot': {JAVA_HOME=C:\Program Files\Eclipse Adoptium\jdk-17.0.15.6-hotspot, JAVA_VERSION=17.0.15, JAVA_VENDOR=Eclipse Adoptium, RUNTIME_NAME=OpenJDK Runtime Environment, RUNTIME_VERSION=17.0.15+6, VM_NAME=OpenJDK 64-Bit Server VM, VM_VERSION=17.0.15+6, VM_VENDOR=Eclipse Adoptium, OS_ARCH=amd64}
Watching the file system is configured to be enabled if available
Now considering [C:\Users\teemm\reacte_projets\EmpireCut\android] as hierarchies to watch
File system watching is active
Starting Build
Now considering [C:\Users\teemm\reacte_projets\EmpireCut\node_modules\@react-native\gradle-plugin, C:\Users\teemm\reacte_projets\EmpireCut\android] as hierarchies to watch
Resolved plugin [id: 'org.gradle.toolchains.foojay-resolver-convention', version: '0.5.0']

> Configure project :gradle-plugin
Evaluating project ':gradle-plugin' using build file 'C:\Users\teemm\reacte_projets\EmpireCut\node_modules\@react-native\gradle-plugin\build.gradle.kts'.
Resolved plugin [id: 'org.jetbrains.kotlin.jvm', version: '2.1.20', apply: false]
Resolved plugin [id: 'com.ncorti.ktfmt.gradle', version: '0.22.0']

> Configure project :gradle-plugin:react-native-gradle-plugin
Evaluating project ':gradle-plugin:react-native-gradle-plugin' using build file 'C:\Users\teemm\reacte_projets\EmpireCut\node_modules\@react-native\gradle-plugin\react-native-gradle-plugin\build.gradle.kts'.
Resolved plugin [id: 'org.jetbrains.kotlin.jvm', version: '2.1.20']
Resolved plugin [id: 'com.ncorti.ktfmt.gradle', version: '0.22.0']
Resolved plugin [id: 'java-gradle-plugin']
Build 820be269-f4e1-4283-9778-5f598fc5743b is started
Using Kotlin Gradle Plugin gradle85 variant
kotlin scripting plugin: created the scripting discovery configuration: kotlinScriptDef
kotlin scripting plugin: created the scripting discovery configuration: testKotlinScriptDef

> Configure project :gradle-plugin:settings-plugin
Evaluating project ':gradle-plugin:settings-plugin' using build file 'C:\Users\teemm\reacte_projets\EmpireCut\node_modules\@react-native\gradle-plugin\settings-plugin\build.gradle.kts'.
Resolved plugin [id: 'org.jetbrains.kotlin.jvm', version: '2.1.20']
Resolved plugin [id: 'com.ncorti.ktfmt.gradle', version: '0.22.0']
Resolved plugin [id: 'java-gradle-plugin']
Using Kotlin Gradle Plugin gradle85 variant
kotlin scripting plugin: created the scripting discovery configuration: kotlinScriptDef
kotlin scripting plugin: created the scripting discovery configuration: testKotlinScriptDef

> Configure project :gradle-plugin:shared
Evaluating project ':gradle-plugin:shared' using build file 'C:\Users\teemm\reacte_projets\EmpireCut\node_modules\@react-native\gradle-plugin\shared\build.gradle.kts'.
Resolved plugin [id: 'org.jetbrains.kotlin.jvm', version: '2.1.20']
Resolved plugin [id: 'com.ncorti.ktfmt.gradle', version: '0.22.0']
Using Kotlin Gradle Plugin gradle85 variant
kotlin scripting plugin: created the scripting discovery configuration: kotlinScriptDef
kotlin scripting plugin: created the scripting discovery configuration: testKotlinScriptDef

> Configure project :gradle-plugin:shared-testutil
Evaluating project ':gradle-plugin:shared-testutil' using build file 'C:\Users\teemm\reacte_projets\EmpireCut\node_modules\@react-native\gradle-plugin\shared-testutil\build.gradle.kts'.
Resolved plugin [id: 'org.jetbrains.kotlin.jvm', version: '2.1.20']
Resolved plugin [id: 'com.ncorti.ktfmt.gradle', version: '0.22.0']
Using Kotlin Gradle Plugin gradle85 variant
kotlin scripting plugin: created the scripting discovery configuration: kotlinScriptDef
kotlin scripting plugin: created the scripting discovery configuration: testKotlinScriptDef
Resolved plugin [id: 'com.facebook.react.settings']
Starting process 'command 'C:\Users\teemm\.jdks\corretto-17.0.14\bin\java.exe''. Working directory: C:\Users\teemm\.gradle\.tmp\tmp-jvm5680530769153292991probe Command: C:\Users\teemm\.jdks\corretto-17.0.14\bin\java.exe -Xmx32m -Xms32m -cp . JavaProbe
Successfully started process 'command 'C:\Users\teemm\.jdks\corretto-17.0.14\bin\java.exe''
Received JVM installation metadata from 'C:\Users\teemm\.jdks\corretto-17.0.14': {JAVA_HOME=C:\Users\teemm\.jdks\corretto-17.0.14, JAVA_VERSION=17.0.14, JAVA_VENDOR=Amazon.com Inc., RUNTIME_NAME=OpenJDK Runtime Environment, RUNTIME_VERSION=17.0.14+7-LTS, VM_NAME=OpenJDK 64-Bit Server VM, VM_VERSION=17.0.14+7-LTS, VM_VENDOR=Amazon.com Inc., OS_ARCH=amd64}
Starting process 'command 'C:\Program Files\Java\jdk-23\bin\java.exe''. Working directory: C:\Users\teemm\.gradle\.tmp\tmp-jvm17575969360133531334probe Command: C:\Program Files\Java\jdk-23\bin\java.exe -Xmx32m -Xms32m -cp . JavaProbe
Successfully started process 'command 'C:\Program Files\Java\jdk-23\bin\java.exe''
Received JVM installation metadata from 'C:\Program Files\Java\jdk-23': {JAVA_HOME=C:\Program Files\Java\jdk-23, JAVA_VERSION=23.0.1, JAVA_VENDOR=Oracle Corporation, RUNTIME_NAME=Java(TM) SE Runtime Environment, RUNTIME_VERSION=23.0.1+11-39, VM_NAME=Java HotSpot(TM) 64-Bit Server VM, VM_VERSION=23.0.1+11-39, VM_VENDOR=Oracle Corporation, OS_ARCH=amd64}
Resolve mutations for :gradle-plugin:settings-plugin:checkKotlinGradlePluginConfigurationErrors (Thread[included builds,5,main]) started.
:gradle-plugin:settings-plugin:checkKotlinGradlePluginConfigurationErrors (Thread[included builds,5,main]) started.

> Task :gradle-plugin:settings-plugin:checkKotlinGradlePluginConfigurationErrors SKIPPED
Skipping task ':gradle-plugin:settings-plugin:checkKotlinGradlePluginConfigurationErrors' as task onlyIf 'errorDiagnostics are present' is false.
Resolve mutations for :gradle-plugin:shared:checkKotlinGradlePluginConfigurationErrors (Thread[included builds,5,main]) started.
:gradle-plugin:shared:checkKotlinGradlePluginConfigurationErrors (Thread[included builds,5,main]) started.

> Task :gradle-plugin:shared:checkKotlinGradlePluginConfigurationErrors SKIPPED
Skipping task ':gradle-plugin:shared:checkKotlinGradlePluginConfigurationErrors' as task onlyIf 'errorDiagnostics are present' is false.
Resolve mutations for :gradle-plugin:shared:compileKotlin (Thread[included builds,5,main]) started.
:gradle-plugin:shared:compileKotlin (Thread[included builds,5,main]) started.

> Task :gradle-plugin:shared:compileKotlin UP-TO-DATE
Caching disabled for task ':gradle-plugin:shared:compileKotlin' because:
  Build cache is disabled
Skipping task ':gradle-plugin:shared:compileKotlin' as it is up-to-date.
Resolve mutations for :gradle-plugin:shared:compileJava (Thread[included builds,5,main]) started.
:gradle-plugin:shared:compileJava (Thread[included builds,5,main]) started.

> Task :gradle-plugin:shared:compileJava NO-SOURCE
Skipping task ':gradle-plugin:shared:compileJava' as it has no source files and no previous output files.
Resolve mutations for :gradle-plugin:shared:processResources (Thread[included builds,5,main]) started.
:gradle-plugin:shared:processResources (Thread[included builds,5,main]) started.

> Task :gradle-plugin:shared:processResources NO-SOURCE
Skipping task ':gradle-plugin:shared:processResources' as it has no source files and no previous output files.
Resolve mutations for :gradle-plugin:shared:classes (Thread[included builds,5,main]) started.
:gradle-plugin:shared:classes (Thread[included builds,5,main]) started.

> Task :gradle-plugin:shared:classes UP-TO-DATE
Skipping task ':gradle-plugin:shared:classes' as it has no actions.
Resolve mutations for :gradle-plugin:shared:jar (Thread[included builds,5,main]) started.
:gradle-plugin:shared:jar (Thread[included builds,5,main]) started.

> Task :gradle-plugin:shared:jar UP-TO-DATE
Caching disabled for task ':gradle-plugin:shared:jar' because:
  Build cache is disabled
  Not worth caching
Skipping task ':gradle-plugin:shared:jar' as it is up-to-date.
work action resolve shared.jar (project :gradle-plugin:shared) (Thread[included builds,5,main]) started.
Resolve mutations for :gradle-plugin:settings-plugin:compileKotlin (Thread[included builds,5,main]) started.
:gradle-plugin:settings-plugin:compileKotlin (Thread[included builds,5,main]) started.

> Task :gradle-plugin:settings-plugin:compileKotlin UP-TO-DATE
Caching disabled for task ':gradle-plugin:settings-plugin:compileKotlin' because:
  Build cache is disabled
Skipping task ':gradle-plugin:settings-plugin:compileKotlin' as it is up-to-date.
Resolve mutations for :gradle-plugin:settings-plugin:compileJava (Thread[included builds,5,main]) started.
:gradle-plugin:settings-plugin:compileJava (Thread[included builds,5,main]) started.

> Task :gradle-plugin:settings-plugin:compileJava NO-SOURCE
Skipping task ':gradle-plugin:settings-plugin:compileJava' as it has no source files and no previous output files.
Resolve mutations for :gradle-plugin:settings-plugin:pluginDescriptors (Thread[included builds,5,main]) started.
:gradle-plugin:settings-plugin:pluginDescriptors (Thread[included builds,5,main]) started.

> Task :gradle-plugin:settings-plugin:pluginDescriptors UP-TO-DATE
Caching disabled for task ':gradle-plugin:settings-plugin:pluginDescriptors' because:
  Build cache is disabled
  Not worth caching
Skipping task ':gradle-plugin:settings-plugin:pluginDescriptors' as it is up-to-date.
Resolve mutations for :gradle-plugin:settings-plugin:processResources (Thread[included builds,5,main]) started.
:gradle-plugin:settings-plugin:processResources (Thread[included builds,5,main]) started.

> Task :gradle-plugin:settings-plugin:processResources UP-TO-DATE
Caching disabled for task ':gradle-plugin:settings-plugin:processResources' because:
  Build cache is disabled
  Not worth caching
Skipping task ':gradle-plugin:settings-plugin:processResources' as it is up-to-date.
Resolve mutations for :gradle-plugin:settings-plugin:classes (Thread[included builds,5,main]) started.
:gradle-plugin:settings-plugin:classes (Thread[included builds,5,main]) started.

> Task :gradle-plugin:settings-plugin:classes UP-TO-DATE
Skipping task ':gradle-plugin:settings-plugin:classes' as it has no actions.
Resolve mutations for :gradle-plugin:settings-plugin:jar (Thread[included builds,5,main]) started.
:gradle-plugin:settings-plugin:jar (Thread[included builds,5,main]) started.

> Task :gradle-plugin:settings-plugin:jar UP-TO-DATE
Caching disabled for task ':gradle-plugin:settings-plugin:jar' because:
  Build cache is disabled
  Not worth caching
Skipping task ':gradle-plugin:settings-plugin:jar' as it is up-to-date.
Settings evaluated using settings file 'C:\Users\teemm\reacte_projets\EmpireCut\android\settings.gradle'.
Projects loaded. Root project using build file 'C:\Users\teemm\reacte_projets\EmpireCut\android\build.gradle'.
Included projects: [root project 'EmpireCut', project ':app', project ':chadify_ffmpeg-kit-react-native', project ':react-native-async-storage_async-storage', project ':react-native-fs', project ':react-native-gesture-handler', project ':react-native-image-picker', project ':react-native-linear-gradient', project ':react-native-reanimated', project ':react-native-safe-area-context', project ':react-native-screens', project ':react-native-video', project ':react-native-worklets']
Registering project ':gradle-plugin' in composite build. Will substitute for module ':gradle-plugin-root'.
Registering project ':gradle-plugin:react-native-gradle-plugin' in composite build. Will substitute for module 'com.facebook.react:react-native-gradle-plugin'.
Registering project ':gradle-plugin:settings-plugin' in composite build. Will substitute for module 'com.facebook.react:settings-plugin'.
Registering project ':gradle-plugin:shared' in composite build. Will substitute for module 'com.facebook.react:shared'.
Registering project ':gradle-plugin:shared-testutil' in composite build. Will substitute for module 'com.facebook.react:shared-testutil'.

> Task :gradle-plugin:react-native-gradle-plugin:checkKotlinGradlePluginConfigurationErrors SKIPPED
Skipping task ':gradle-plugin:react-native-gradle-plugin:checkKotlinGradlePluginConfigurationErrors' as task onlyIf 'errorDiagnostics are present' is false.

> Task :gradle-plugin:react-native-gradle-plugin:compileKotlin UP-TO-DATE
Caching disabled for task ':gradle-plugin:react-native-gradle-plugin:compileKotlin' because:
  Build cache is disabled
Skipping task ':gradle-plugin:react-native-gradle-plugin:compileKotlin' as it is up-to-date.

> Task :gradle-plugin:react-native-gradle-plugin:compileJava NO-SOURCE
Skipping task ':gradle-plugin:react-native-gradle-plugin:compileJava' as it has no source files and no previous output files.

> Task :gradle-plugin:react-native-gradle-plugin:pluginDescriptors UP-TO-DATE
Caching disabled for task ':gradle-plugin:react-native-gradle-plugin:pluginDescriptors' because:
  Build cache is disabled
  Not worth caching
Skipping task ':gradle-plugin:react-native-gradle-plugin:pluginDescriptors' as it is up-to-date.

> Task :gradle-plugin:react-native-gradle-plugin:processResources UP-TO-DATE
Caching disabled for task ':gradle-plugin:react-native-gradle-plugin:processResources' because:
  Build cache is disabled
  Not worth caching
Skipping task ':gradle-plugin:react-native-gradle-plugin:processResources' as it is up-to-date.

> Task :gradle-plugin:react-native-gradle-plugin:classes UP-TO-DATE
Skipping task ':gradle-plugin:react-native-gradle-plugin:classes' as it has no actions.

> Task :gradle-plugin:react-native-gradle-plugin:jar UP-TO-DATE
Caching disabled for task ':gradle-plugin:react-native-gradle-plugin:jar' because:
  Build cache is disabled
  Not worth caching
Skipping task ':gradle-plugin:react-native-gradle-plugin:jar' as it is up-to-date.

> Configure project :
Evaluating root project 'EmpireCut' using build file 'C:\Users\teemm\reacte_projets\EmpireCut\android\build.gradle'.
Found project 'project :gradle-plugin:react-native-gradle-plugin' as substitute for module 'com.facebook.react:react-native-gradle-plugin'.
Ignoring listeners of task graph ready event, as this build (:gradle-plugin) has already executed work.
Resolve mutations for :gradle-plugin:react-native-gradle-plugin:checkKotlinGradlePluginConfigurationErrors (Thread[included builds,5,main]) started.
:gradle-plugin:react-native-gradle-plugin:checkKotlinGradlePluginConfigurationErrors (Thread[included builds,5,main]) started.
Resolve mutations for :gradle-plugin:react-native-gradle-plugin:compileKotlin (Thread[included builds,5,main]) started.
:gradle-plugin:react-native-gradle-plugin:compileKotlin (Thread[included builds,5,main]) started.
Resolve mutations for :gradle-plugin:react-native-gradle-plugin:compileJava (Thread[included builds,5,main]) started.
:gradle-plugin:react-native-gradle-plugin:compileJava (Thread[included builds,5,main]) started.
Resolve mutations for :gradle-plugin:react-native-gradle-plugin:pluginDescriptors (Thread[included builds,5,main]) started.
:gradle-plugin:react-native-gradle-plugin:pluginDescriptors (Thread[included builds,5,main]) started.
Resolve mutations for :gradle-plugin:react-native-gradle-plugin:processResources (Thread[included builds,5,main]) started.
:gradle-plugin:react-native-gradle-plugin:processResources (Thread[included builds,5,main]) started.
Resolve mutations for :gradle-plugin:react-native-gradle-plugin:classes (Thread[included builds,5,main]) started.
:gradle-plugin:react-native-gradle-plugin:classes (Thread[included builds,5,main]) started.
Resolve mutations for :gradle-plugin:react-native-gradle-plugin:jar (Thread[included builds,5,main]) started.
:gradle-plugin:react-native-gradle-plugin:jar (Thread[included builds,5,main]) started.

> Configure project :app
Evaluating project ':app' using build file 'C:\Users\teemm\reacte_projets\EmpireCut\android\app\build.gradle'.
Using default execution profile
Build af4ccb3d-a12f-4857-a3c4-3eda61b35c5e is started
Using Kotlin Gradle Plugin gradle85 variant
C/C++: android.ndkVersion from module build.gradle is [27.1.12297006]
C/C++: android.ndkPath from module build.gradle is not set
C/C++: ndk.dir in local.properties is not set
C/C++: Not considering ANDROID_NDK_HOME because support was removed after deprecation period.
C/C++: sdkFolder is C:\Users\teemm\AppData\Local\Android\Sdk
C/C++: android.ndkVersion from module build.gradle is [27.1.12297006]
C/C++: android.ndkPath from module build.gradle is not set
C/C++: ndk.dir in local.properties is not set
C/C++: Not considering ANDROID_NDK_HOME because support was removed after deprecation period.
C/C++: sdkFolder is C:\Users\teemm\AppData\Local\Android\Sdk
C/C++: android.ndkVersion from module build.gradle is [27.1.12297006]
C/C++: android.ndkPath from module build.gradle is not set
C/C++: ndk.dir in local.properties is not set
C/C++: Not considering ANDROID_NDK_HOME because support was removed after deprecation period.
C/C++: sdkFolder is C:\Users\teemm\AppData\Local\Android\Sdk
C/C++: android.ndkVersion from module build.gradle is [27.1.12297006]
C/C++: android.ndkPath from module build.gradle is not set
C/C++: ndk.dir in local.properties is not set
C/C++: Not considering ANDROID_NDK_HOME because support was removed after deprecation period.
C/C++: sdkFolder is C:\Users\teemm\AppData\Local\Android\Sdk
C/C++: android.ndkVersion from module build.gradle is [27.1.12297006]
C/C++: android.ndkPath from module build.gradle is not set
C/C++: ndk.dir in local.properties is not set
C/C++: Not considering ANDROID_NDK_HOME because support was removed after deprecation period.
C/C++: sdkFolder is C:\Users\teemm\AppData\Local\Android\Sdk
C/C++: android.ndkVersion from module build.gradle is [27.1.12297006]
C/C++: android.ndkPath from module build.gradle is not set
C/C++: ndk.dir in local.properties is not set
C/C++: Not considering ANDROID_NDK_HOME because support was removed after deprecation period.
C/C++: sdkFolder is C:\Users\teemm\AppData\Local\Android\Sdk
C/C++: android.ndkVersion from module build.gradle is [27.1.12297006]
C/C++: android.ndkPath from module build.gradle is not set
C/C++: ndk.dir in local.properties is not set
C/C++: Not considering ANDROID_NDK_HOME because support was removed after deprecation period.
C/C++: sdkFolder is C:\Users\teemm\AppData\Local\Android\Sdk
C/C++: android.ndkVersion from module build.gradle is [27.1.12297006]
C/C++: android.ndkPath from module build.gradle is not set
C/C++: ndk.dir in local.properties is not set
C/C++: Not considering ANDROID_NDK_HOME because support was removed after deprecation period.
C/C++: sdkFolder is C:\Users\teemm\AppData\Local\Android\Sdk
C/C++: android.ndkVersion from module build.gradle is [27.1.12297006]
C/C++: android.ndkPath from module build.gradle is not set
C/C++: ndk.dir in local.properties is not set
C/C++: Not considering ANDROID_NDK_HOME because support was removed after deprecation period.
C/C++: sdkFolder is C:\Users\teemm\AppData\Local\Android\Sdk
C/C++: android.ndkVersion from module build.gradle is [27.1.12297006]
C/C++: android.ndkPath from module build.gradle is not set
C/C++: ndk.dir in local.properties is not set
C/C++: Not considering ANDROID_NDK_HOME because support was removed after deprecation period.
C/C++: sdkFolder is C:\Users\teemm\AppData\Local\Android\Sdk
C/C++: android.ndkVersion from module build.gradle is [27.1.12297006]
C/C++: android.ndkPath from module build.gradle is not set
C/C++: ndk.dir in local.properties is not set
C/C++: Not considering ANDROID_NDK_HOME because support was removed after deprecation period.
C/C++: sdkFolder is C:\Users\teemm\AppData\Local\Android\Sdk
C/C++: android.ndkVersion from module build.gradle is [27.1.12297006]
C/C++: android.ndkPath from module build.gradle is not set
C/C++: ndk.dir in local.properties is not set
C/C++: Not considering ANDROID_NDK_HOME because support was removed after deprecation period.
C/C++: sdkFolder is C:\Users\teemm\AppData\Local\Android\Sdk
C/C++: android.ndkVersion from module build.gradle is [27.1.12297006]
C/C++: android.ndkPath from module build.gradle is not set
C/C++: ndk.dir in local.properties is not set
C/C++: Not considering ANDROID_NDK_HOME because support was removed after deprecation period.
C/C++: sdkFolder is C:\Users\teemm\AppData\Local\Android\Sdk
C/C++: android.ndkVersion from module build.gradle is [27.1.12297006]
C/C++: android.ndkPath from module build.gradle is not set
C/C++: ndk.dir in local.properties is not set
C/C++: Not considering ANDROID_NDK_HOME because support was removed after deprecation period.
C/C++: sdkFolder is C:\Users\teemm\AppData\Local\Android\Sdk
C/C++: android.ndkVersion from module build.gradle is [27.1.12297006]
C/C++: android.ndkPath from module build.gradle is not set
C/C++: ndk.dir in local.properties is not set
C/C++: Not considering ANDROID_NDK_HOME because support was removed after deprecation period.
C/C++: sdkFolder is C:\Users\teemm\AppData\Local\Android\Sdk
C/C++: android.ndkVersion from module build.gradle is [27.1.12297006]
C/C++: android.ndkPath from module build.gradle is not set
C/C++: ndk.dir in local.properties is not set
C/C++: Not considering ANDROID_NDK_HOME because support was removed after deprecation period.
C/C++: sdkFolder is C:\Users\teemm\AppData\Local\Android\Sdk
C/C++: android.ndkVersion from module build.gradle is [27.1.12297006]
C/C++: android.ndkPath from module build.gradle is not set
C/C++: ndk.dir in local.properties is not set
C/C++: Not considering ANDROID_NDK_HOME because support was removed after deprecation period.
C/C++: sdkFolder is C:\Users\teemm\AppData\Local\Android\Sdk
C/C++: android.ndkVersion from module build.gradle is [27.1.12297006]
C/C++: android.ndkPath from module build.gradle is not set
C/C++: ndk.dir in local.properties is not set
C/C++: Not considering ANDROID_NDK_HOME because support was removed after deprecation period.
C/C++: sdkFolder is C:\Users\teemm\AppData\Local\Android\Sdk
C/C++: android.ndkVersion from module build.gradle is [27.1.12297006]
C/C++: android.ndkPath from module build.gradle is not set
C/C++: ndk.dir in local.properties is not set
C/C++: Not considering ANDROID_NDK_HOME because support was removed after deprecation period.
C/C++: sdkFolder is C:\Users\teemm\AppData\Local\Android\Sdk

> Configure project :chadify_ffmpeg-kit-react-native
Evaluating project ':chadify_ffmpeg-kit-react-native' using build file 'C:\Users\teemm\reacte_projets\EmpireCut\node_modules\@chadify\ffmpeg-kit-react-native\android\build.gradle'.
Using default execution profile
:chadify_ffmpeg-kit-react-native:reactNativeAndroidRoot C:\Users\teemm\reacte_projets\EmpireCut\node_modules\react-native

> Configure project :react-native-async-storage_async-storage
Evaluating project ':react-native-async-storage_async-storage' using build file 'C:\Users\teemm\reacte_projets\EmpireCut\node_modules\@react-native-async-storage\async-storage\android\build.gradle'.
[AsyncStorage] Using kotlin version: 2.1.20
[AsyncStorage] Using ksp version: 2.1.20-1.0.31
[AsyncStorage] Using kotlin version: 2.1.20
[AsyncStorage] Using ksp version: 2.1.20-1.0.31
Using default execution profile
Using Kotlin Gradle Plugin gradle85 variant

> Configure project :react-native-fs
Evaluating project ':react-native-fs' using build file 'C:\Users\teemm\reacte_projets\EmpireCut\node_modules\react-native-fs\android\build.gradle'.
Using default execution profile

> Configure project :react-native-gesture-handler
Evaluating project ':react-native-gesture-handler' using build file 'C:\Users\teemm\reacte_projets\EmpireCut\node_modules\react-native-gesture-handler\android\build.gradle'.
Using default execution profile
Using Kotlin Gradle Plugin gradle85 variant
Starting process 'command 'node''. Working directory: C:\Users\teemm\reacte_projets\EmpireCut\android Command: node --print require.resolve('react-native/package.json')
Successfully started process 'command 'node''
C/C++: android.ndkVersion from module build.gradle is [27.1.12297006]
C/C++: android.ndkPath from module build.gradle is not set
C/C++: ndk.dir in local.properties is not set
C/C++: Not considering ANDROID_NDK_HOME because support was removed after deprecation period.
C/C++: sdkFolder is C:\Users\teemm\AppData\Local\Android\Sdk
C/C++: android.ndkVersion from module build.gradle is [27.1.12297006]
C/C++: android.ndkPath from module build.gradle is not set
C/C++: ndk.dir in local.properties is not set
C/C++: Not considering ANDROID_NDK_HOME because support was removed after deprecation period.
C/C++: sdkFolder is C:\Users\teemm\AppData\Local\Android\Sdk
C/C++: android.ndkVersion from module build.gradle is [27.1.12297006]
C/C++: android.ndkPath from module build.gradle is not set
C/C++: ndk.dir in local.properties is not set
C/C++: Not considering ANDROID_NDK_HOME because support was removed after deprecation period.
C/C++: sdkFolder is C:\Users\teemm\AppData\Local\Android\Sdk
C/C++: android.ndkVersion from module build.gradle is [27.1.12297006]
C/C++: android.ndkPath from module build.gradle is not set
C/C++: ndk.dir in local.properties is not set
C/C++: Not considering ANDROID_NDK_HOME because support was removed after deprecation period.
C/C++: sdkFolder is C:\Users\teemm\AppData\Local\Android\Sdk
C/C++: android.ndkVersion from module build.gradle is [27.1.12297006]
C/C++: android.ndkPath from module build.gradle is not set
C/C++: ndk.dir in local.properties is not set
C/C++: Not considering ANDROID_NDK_HOME because support was removed after deprecation period.
C/C++: sdkFolder is C:\Users\teemm\AppData\Local\Android\Sdk
C/C++: android.ndkVersion from module build.gradle is [27.1.12297006]
C/C++: android.ndkPath from module build.gradle is not set
C/C++: ndk.dir in local.properties is not set
C/C++: Not considering ANDROID_NDK_HOME because support was removed after deprecation period.
C/C++: sdkFolder is C:\Users\teemm\AppData\Local\Android\Sdk
C/C++: android.ndkVersion from module build.gradle is [27.1.12297006]
C/C++: android.ndkPath from module build.gradle is not set
C/C++: ndk.dir in local.properties is not set
C/C++: Not considering ANDROID_NDK_HOME because support was removed after deprecation period.
C/C++: sdkFolder is C:\Users\teemm\AppData\Local\Android\Sdk
C/C++: android.ndkVersion from module build.gradle is [27.1.12297006]
C/C++: android.ndkPath from module build.gradle is not set
C/C++: ndk.dir in local.properties is not set
C/C++: Not considering ANDROID_NDK_HOME because support was removed after deprecation period.
C/C++: sdkFolder is C:\Users\teemm\AppData\Local\Android\Sdk
C/C++: android.ndkVersion from module build.gradle is [27.1.12297006]
C/C++: android.ndkPath from module build.gradle is not set
C/C++: ndk.dir in local.properties is not set
C/C++: Not considering ANDROID_NDK_HOME because support was removed after deprecation period.
C/C++: sdkFolder is C:\Users\teemm\AppData\Local\Android\Sdk
C/C++: android.ndkVersion from module build.gradle is [27.1.12297006]
C/C++: android.ndkPath from module build.gradle is not set
C/C++: ndk.dir in local.properties is not set
C/C++: Not considering ANDROID_NDK_HOME because support was removed after deprecation period.
C/C++: sdkFolder is C:\Users\teemm\AppData\Local\Android\Sdk
C/C++: android.ndkVersion from module build.gradle is [27.1.12297006]
C/C++: android.ndkPath from module build.gradle is not set
C/C++: ndk.dir in local.properties is not set
C/C++: Not considering ANDROID_NDK_HOME because support was removed after deprecation period.
C/C++: sdkFolder is C:\Users\teemm\AppData\Local\Android\Sdk
C/C++: android.ndkVersion from module build.gradle is [27.1.12297006]
C/C++: android.ndkPath from module build.gradle is not set
C/C++: ndk.dir in local.properties is not set
C/C++: Not considering ANDROID_NDK_HOME because support was removed after deprecation period.
C/C++: sdkFolder is C:\Users\teemm\AppData\Local\Android\Sdk
C/C++: android.ndkVersion from module build.gradle is [27.1.12297006]
C/C++: android.ndkPath from module build.gradle is not set
C/C++: ndk.dir in local.properties is not set
C/C++: Not considering ANDROID_NDK_HOME because support was removed after deprecation period.
C/C++: sdkFolder is C:\Users\teemm\AppData\Local\Android\Sdk

> Configure project :react-native-image-picker
Evaluating project ':react-native-image-picker' using build file 'C:\Users\teemm\reacte_projets\EmpireCut\node_modules\react-native-image-picker\android\build.gradle'.
Using default execution profile

> Configure project :react-native-linear-gradient
Evaluating project ':react-native-linear-gradient' using build file 'C:\Users\teemm\reacte_projets\EmpireCut\node_modules\react-native-linear-gradient\android\build.gradle'.
Using default execution profile

> Configure project :react-native-reanimated
Evaluating project ':react-native-reanimated' using build file 'C:\Users\teemm\reacte_projets\EmpireCut\node_modules\react-native-reanimated\android\build.gradle'.
Starting process 'command 'node''. Working directory: C:\Users\teemm\reacte_projets\EmpireCut\android Command: node --print require.resolve('react-native/package.json')
Successfully started process 'command 'node''
Starting process 'command 'node''. Working directory: C:\Users\teemm\reacte_projets\EmpireCut\android Command: node --print require.resolve('react-native/package.json')
Successfully started process 'command 'node''
Starting process 'command 'node''. Working directory: C:\Users\teemm\reacte_projets\EmpireCut\android Command: node --print require.resolve('react-native/package.json')
Successfully started process 'command 'node''
Starting process 'command 'node''. Working directory: C:\Users\teemm\reacte_projets\EmpireCut\android Command: node --print require.resolve('react-native/package.json')
Successfully started process 'command 'node''
Starting process 'command 'node''. Working directory: C:\Users\teemm\reacte_projets\EmpireCut\android Command: node --print require.resolve('react-native/package.json')
Successfully started process 'command 'node''
Using default execution profile

> Configure project :react-native-worklets
Evaluating project ':react-native-worklets' using build file 'C:\Users\teemm\reacte_projets\EmpireCut\node_modules\react-native-worklets\android\build.gradle'.
Starting process 'command 'node''. Working directory: C:\Users\teemm\reacte_projets\EmpireCut\android Command: node --print require.resolve('react-native/package.json')
Successfully started process 'command 'node''
Starting process 'command 'node''. Working directory: C:\Users\teemm\reacte_projets\EmpireCut\android Command: node --print require.resolve('react-native/package.json')
Successfully started process 'command 'node''
Starting process 'command 'node''. Working directory: C:\Users\teemm\reacte_projets\EmpireCut\android Command: node --print require.resolve('react-native/package.json')
Successfully started process 'command 'node''
Starting process 'command 'node''. Working directory: C:\Users\teemm\reacte_projets\EmpireCut\android Command: node --print require.resolve('react-native/package.json')
Successfully started process 'command 'node''
Starting process 'command 'node''. Working directory: C:\Users\teemm\reacte_projets\EmpireCut\android Command: node --print require.resolve('react-native/package.json')
Successfully started process 'command 'node''
Starting process 'command 'node''. Working directory: C:\Users\teemm\reacte_projets\EmpireCut\android Command: node --print require.resolve('react-native/package.json')
Successfully started process 'command 'node''
Using default execution profile
Using Kotlin Gradle Plugin gradle85 variant
C/C++: android.ndkVersion from module build.gradle is [27.1.12297006]
C/C++: android.ndkPath from module build.gradle is not set
C/C++: ndk.dir in local.properties is not set
C/C++: Not considering ANDROID_NDK_HOME because support was removed after deprecation period.
C/C++: sdkFolder is C:\Users\teemm\AppData\Local\Android\Sdk
C/C++: android.ndkVersion from module build.gradle is [27.1.12297006]
C/C++: android.ndkPath from module build.gradle is not set
C/C++: ndk.dir in local.properties is not set
C/C++: Not considering ANDROID_NDK_HOME because support was removed after deprecation period.
C/C++: sdkFolder is C:\Users\teemm\AppData\Local\Android\Sdk
C/C++: android.ndkVersion from module build.gradle is [27.1.12297006]
C/C++: android.ndkPath from module build.gradle is not set
C/C++: ndk.dir in local.properties is not set
C/C++: Not considering ANDROID_NDK_HOME because support was removed after deprecation period.
C/C++: sdkFolder is C:\Users\teemm\AppData\Local\Android\Sdk
C/C++: android.ndkVersion from module build.gradle is [27.1.12297006]
C/C++: android.ndkPath from module build.gradle is not set
C/C++: ndk.dir in local.properties is not set
C/C++: Not considering ANDROID_NDK_HOME because support was removed after deprecation period.
C/C++: sdkFolder is C:\Users\teemm\AppData\Local\Android\Sdk
C/C++: android.ndkVersion from module build.gradle is [27.1.12297006]
C/C++: android.ndkPath from module build.gradle is not set
C/C++: ndk.dir in local.properties is not set
C/C++: Not considering ANDROID_NDK_HOME because support was removed after deprecation period.
C/C++: sdkFolder is C:\Users\teemm\AppData\Local\Android\Sdk
C/C++: android.ndkVersion from module build.gradle is [27.1.12297006]
C/C++: android.ndkPath from module build.gradle is not set
C/C++: ndk.dir in local.properties is not set
C/C++: Not considering ANDROID_NDK_HOME because support was removed after deprecation period.
C/C++: sdkFolder is C:\Users\teemm\AppData\Local\Android\Sdk
C/C++: android.ndkVersion from module build.gradle is [27.1.12297006]
C/C++: android.ndkPath from module build.gradle is not set
C/C++: ndk.dir in local.properties is not set
C/C++: Not considering ANDROID_NDK_HOME because support was removed after deprecation period.
C/C++: sdkFolder is C:\Users\teemm\AppData\Local\Android\Sdk
C/C++: android.ndkVersion from module build.gradle is [27.1.12297006]
C/C++: android.ndkPath from module build.gradle is not set
C/C++: ndk.dir in local.properties is not set
C/C++: Not considering ANDROID_NDK_HOME because support was removed after deprecation period.
C/C++: sdkFolder is C:\Users\teemm\AppData\Local\Android\Sdk
C/C++: android.ndkVersion from module build.gradle is [27.1.12297006]
C/C++: android.ndkPath from module build.gradle is not set
C/C++: ndk.dir in local.properties is not set
C/C++: Not considering ANDROID_NDK_HOME because support was removed after deprecation period.
C/C++: sdkFolder is C:\Users\teemm\AppData\Local\Android\Sdk
C/C++: android.ndkVersion from module build.gradle is [27.1.12297006]
C/C++: android.ndkPath from module build.gradle is not set
C/C++: ndk.dir in local.properties is not set
C/C++: Not considering ANDROID_NDK_HOME because support was removed after deprecation period.
C/C++: sdkFolder is C:\Users\teemm\AppData\Local\Android\Sdk
C/C++: android.ndkVersion from module build.gradle is [27.1.12297006]
C/C++: android.ndkPath from module build.gradle is not set
C/C++: ndk.dir in local.properties is not set
C/C++: Not considering ANDROID_NDK_HOME because support was removed after deprecation period.
C/C++: sdkFolder is C:\Users\teemm\AppData\Local\Android\Sdk
C/C++: android.ndkVersion from module build.gradle is [27.1.12297006]
C/C++: android.ndkPath from module build.gradle is not set
C/C++: ndk.dir in local.properties is not set
C/C++: Not considering ANDROID_NDK_HOME because support was removed after deprecation period.
C/C++: sdkFolder is C:\Users\teemm\AppData\Local\Android\Sdk
C/C++: android.ndkVersion from module build.gradle is [27.1.12297006]
C/C++: android.ndkPath from module build.gradle is not set
C/C++: ndk.dir in local.properties is not set
C/C++: Not considering ANDROID_NDK_HOME because support was removed after deprecation period.
C/C++: sdkFolder is C:\Users\teemm\AppData\Local\Android\Sdk

> Configure project :react-native-reanimated
C/C++: android.ndkVersion from module build.gradle is [27.1.12297006]
C/C++: android.ndkPath from module build.gradle is not set
C/C++: ndk.dir in local.properties is not set
C/C++: Not considering ANDROID_NDK_HOME because support was removed after deprecation period.
C/C++: sdkFolder is C:\Users\teemm\AppData\Local\Android\Sdk
C/C++: android.ndkVersion from module build.gradle is [27.1.12297006]
C/C++: android.ndkPath from module build.gradle is not set
C/C++: ndk.dir in local.properties is not set
C/C++: Not considering ANDROID_NDK_HOME because support was removed after deprecation period.
C/C++: sdkFolder is C:\Users\teemm\AppData\Local\Android\Sdk
C/C++: android.ndkVersion from module build.gradle is [27.1.12297006]
C/C++: android.ndkPath from module build.gradle is not set
C/C++: ndk.dir in local.properties is not set
C/C++: Not considering ANDROID_NDK_HOME because support was removed after deprecation period.
C/C++: sdkFolder is C:\Users\teemm\AppData\Local\Android\Sdk
C/C++: android.ndkVersion from module build.gradle is [27.1.12297006]
C/C++: android.ndkPath from module build.gradle is not set
C/C++: ndk.dir in local.properties is not set
C/C++: Not considering ANDROID_NDK_HOME because support was removed after deprecation period.
C/C++: sdkFolder is C:\Users\teemm\AppData\Local\Android\Sdk
C/C++: android.ndkVersion from module build.gradle is [27.1.12297006]
C/C++: android.ndkPath from module build.gradle is not set
C/C++: ndk.dir in local.properties is not set
C/C++: Not considering ANDROID_NDK_HOME because support was removed after deprecation period.
C/C++: sdkFolder is C:\Users\teemm\AppData\Local\Android\Sdk
C/C++: android.ndkVersion from module build.gradle is [27.1.12297006]
C/C++: android.ndkPath from module build.gradle is not set
C/C++: ndk.dir in local.properties is not set
C/C++: Not considering ANDROID_NDK_HOME because support was removed after deprecation period.
C/C++: sdkFolder is C:\Users\teemm\AppData\Local\Android\Sdk
C/C++: android.ndkVersion from module build.gradle is [27.1.12297006]
C/C++: android.ndkPath from module build.gradle is not set
C/C++: ndk.dir in local.properties is not set
C/C++: Not considering ANDROID_NDK_HOME because support was removed after deprecation period.
C/C++: sdkFolder is C:\Users\teemm\AppData\Local\Android\Sdk
C/C++: android.ndkVersion from module build.gradle is [27.1.12297006]
C/C++: android.ndkPath from module build.gradle is not set
C/C++: ndk.dir in local.properties is not set
C/C++: Not considering ANDROID_NDK_HOME because support was removed after deprecation period.
C/C++: sdkFolder is C:\Users\teemm\AppData\Local\Android\Sdk
C/C++: android.ndkVersion from module build.gradle is [27.1.12297006]
C/C++: android.ndkPath from module build.gradle is not set
C/C++: ndk.dir in local.properties is not set
C/C++: Not considering ANDROID_NDK_HOME because support was removed after deprecation period.
C/C++: sdkFolder is C:\Users\teemm\AppData\Local\Android\Sdk
C/C++: android.ndkVersion from module build.gradle is [27.1.12297006]
C/C++: android.ndkPath from module build.gradle is not set
C/C++: ndk.dir in local.properties is not set
C/C++: Not considering ANDROID_NDK_HOME because support was removed after deprecation period.
C/C++: sdkFolder is C:\Users\teemm\AppData\Local\Android\Sdk
C/C++: android.ndkVersion from module build.gradle is [27.1.12297006]
C/C++: android.ndkPath from module build.gradle is not set
C/C++: ndk.dir in local.properties is not set
C/C++: Not considering ANDROID_NDK_HOME because support was removed after deprecation period.
C/C++: sdkFolder is C:\Users\teemm\AppData\Local\Android\Sdk
C/C++: android.ndkVersion from module build.gradle is [27.1.12297006]
C/C++: android.ndkPath from module build.gradle is not set
C/C++: ndk.dir in local.properties is not set
C/C++: Not considering ANDROID_NDK_HOME because support was removed after deprecation period.
C/C++: sdkFolder is C:\Users\teemm\AppData\Local\Android\Sdk
C/C++: android.ndkVersion from module build.gradle is [27.1.12297006]
C/C++: android.ndkPath from module build.gradle is not set
C/C++: ndk.dir in local.properties is not set
C/C++: Not considering ANDROID_NDK_HOME because support was removed after deprecation period.
C/C++: sdkFolder is C:\Users\teemm\AppData\Local\Android\Sdk

> Configure project :react-native-safe-area-context
Evaluating project ':react-native-safe-area-context' using build file 'C:\Users\teemm\reacte_projets\EmpireCut\node_modules\react-native-safe-area-context\android\build.gradle'.
Using default execution profile
Using Kotlin Gradle Plugin gradle85 variant

> Configure project :react-native-screens
Evaluating project ':react-native-screens' using build file 'C:\Users\teemm\reacte_projets\EmpireCut\node_modules\react-native-screens\android\build.gradle'.
Using default execution profile
Using Kotlin Gradle Plugin gradle85 variant
C/C++: android.ndkVersion from module build.gradle is [27.1.12297006]
C/C++: android.ndkPath from module build.gradle is not set
C/C++: ndk.dir in local.properties is not set
C/C++: Not considering ANDROID_NDK_HOME because support was removed after deprecation period.
C/C++: sdkFolder is C:\Users\teemm\AppData\Local\Android\Sdk
C/C++: android.ndkVersion from module build.gradle is [27.1.12297006]
C/C++: android.ndkPath from module build.gradle is not set
C/C++: ndk.dir in local.properties is not set
C/C++: Not considering ANDROID_NDK_HOME because support was removed after deprecation period.
C/C++: sdkFolder is C:\Users\teemm\AppData\Local\Android\Sdk
C/C++: android.ndkVersion from module build.gradle is [27.1.12297006]
C/C++: android.ndkPath from module build.gradle is not set
C/C++: ndk.dir in local.properties is not set
C/C++: Not considering ANDROID_NDK_HOME because support was removed after deprecation period.
C/C++: sdkFolder is C:\Users\teemm\AppData\Local\Android\Sdk
C/C++: android.ndkVersion from module build.gradle is [27.1.12297006]
C/C++: android.ndkPath from module build.gradle is not set
C/C++: ndk.dir in local.properties is not set
C/C++: Not considering ANDROID_NDK_HOME because support was removed after deprecation period.
C/C++: sdkFolder is C:\Users\teemm\AppData\Local\Android\Sdk
C/C++: android.ndkVersion from module build.gradle is [27.1.12297006]
C/C++: android.ndkPath from module build.gradle is not set
C/C++: ndk.dir in local.properties is not set
C/C++: Not considering ANDROID_NDK_HOME because support was removed after deprecation period.
C/C++: sdkFolder is C:\Users\teemm\AppData\Local\Android\Sdk
C/C++: android.ndkVersion from module build.gradle is [27.1.12297006]
C/C++: android.ndkPath from module build.gradle is not set
C/C++: ndk.dir in local.properties is not set
C/C++: Not considering ANDROID_NDK_HOME because support was removed after deprecation period.
C/C++: sdkFolder is C:\Users\teemm\AppData\Local\Android\Sdk
C/C++: android.ndkVersion from module build.gradle is [27.1.12297006]
C/C++: android.ndkPath from module build.gradle is not set
C/C++: ndk.dir in local.properties is not set
C/C++: Not considering ANDROID_NDK_HOME because support was removed after deprecation period.
C/C++: sdkFolder is C:\Users\teemm\AppData\Local\Android\Sdk
C/C++: android.ndkVersion from module build.gradle is [27.1.12297006]
C/C++: android.ndkPath from module build.gradle is not set
C/C++: ndk.dir in local.properties is not set
C/C++: Not considering ANDROID_NDK_HOME because support was removed after deprecation period.
C/C++: sdkFolder is C:\Users\teemm\AppData\Local\Android\Sdk
C/C++: android.ndkVersion from module build.gradle is [27.1.12297006]
C/C++: android.ndkPath from module build.gradle is not set
C/C++: ndk.dir in local.properties is not set
C/C++: Not considering ANDROID_NDK_HOME because support was removed after deprecation period.
C/C++: sdkFolder is C:\Users\teemm\AppData\Local\Android\Sdk
C/C++: android.ndkVersion from module build.gradle is [27.1.12297006]
C/C++: android.ndkPath from module build.gradle is not set
C/C++: ndk.dir in local.properties is not set
C/C++: Not considering ANDROID_NDK_HOME because support was removed after deprecation period.
C/C++: sdkFolder is C:\Users\teemm\AppData\Local\Android\Sdk
C/C++: android.ndkVersion from module build.gradle is [27.1.12297006]
C/C++: android.ndkPath from module build.gradle is not set
C/C++: ndk.dir in local.properties is not set
C/C++: Not considering ANDROID_NDK_HOME because support was removed after deprecation period.
C/C++: sdkFolder is C:\Users\teemm\AppData\Local\Android\Sdk
C/C++: android.ndkVersion from module build.gradle is [27.1.12297006]
C/C++: android.ndkPath from module build.gradle is not set
C/C++: ndk.dir in local.properties is not set
C/C++: Not considering ANDROID_NDK_HOME because support was removed after deprecation period.
C/C++: sdkFolder is C:\Users\teemm\AppData\Local\Android\Sdk
C/C++: android.ndkVersion from module build.gradle is [27.1.12297006]
C/C++: android.ndkPath from module build.gradle is not set
C/C++: ndk.dir in local.properties is not set
C/C++: Not considering ANDROID_NDK_HOME because support was removed after deprecation period.
C/C++: sdkFolder is C:\Users\teemm\AppData\Local\Android\Sdk

> Configure project :react-native-video
Evaluating project ':react-native-video' using build file 'C:\Users\teemm\reacte_projets\EmpireCut\node_modules\react-native-video\android\build.gradle'.
Kotlin version is correct: 2.1.20
AndroidX version is correct: 1.9.3
Using default execution profile
Using Kotlin Gradle Plugin gradle85 variant
useExoplayerIMA: false
useExoplayerSmoothStreaming: true
useExoplayerDash: true
useExoplayerHls: true
useExoplayerRtsp: false
buildFromSource: false
All projects evaluated.
Task name matched 'assembleRelease'
Selected primary task 'assembleRelease' from project :
Tasks to be executed: [task ':app:generateAutolinkingNewArchitectureFiles', task ':app:generateAutolinkingPackageList', task ':app:generateCodegenSchemaFromJavaScript', task ':app:generateCodegenArtifactsFromSchema', task ':app:generateReactNativeEntryPoint', task ':chadify_ffmpeg-kit-react-native:preBuild', task ':react-native-async-storage_async-storage:generateCodegenSchemaFromJavaScript', task ':react-native-async-storage_async-storage:generateCodegenArtifactsFromSchema', task ':react-native-async-storage_async-storage:preBuild', task ':react-native-fs:preBuild', task ':react-native-gesture-handler:generateCodegenSchemaFromJavaScript', task ':react-native-gesture-handler:generateCodegenArtifactsFromSchema', task ':react-native-gesture-handler:preBuild', task ':react-native-image-picker:generateCodegenSchemaFromJavaScript', task ':react-native-image-picker:generateCodegenArtifactsFromSchema', task ':react-native-image-picker:preBuild', task ':react-native-linear-gradient:preBuild', task ':react-native-reanimated:assertMinimalReactNativeVersionTask', task ':react-native-reanimated:assertNewArchitectureEnabledTask', task ':react-native-reanimated:assertWorkletsVersionTask', task ':react-native-reanimated:generateCodegenSchemaFromJavaScript', task ':react-native-reanimated:generateCodegenArtifactsFromSchema', task ':react-native-reanimated:prepareReanimatedHeadersForPrefabs', task ':react-native-reanimated:preBuild', task ':react-native-safe-area-context:generateCodegenSchemaFromJavaScript', task ':react-native-safe-area-context:generateCodegenArtifactsFromSchema', task ':react-native-safe-area-context:preBuild', task ':react-native-screens:generateCodegenSchemaFromJavaScript', task ':react-native-screens:generateCodegenArtifactsFromSchema', task ':react-native-screens:preBuild', task ':react-native-video:preBuild', task ':react-native-worklets:assertMinimalReactNativeVersionTask', task ':react-native-worklets:assertNewArchitectureEnabledTask', task ':react-native-worklets:generateCodegenSchemaFromJavaScript', task ':react-native-worklets:generateCodegenArtifactsFromSchema', task ':react-native-worklets:prepareWorkletsHeadersForPrefabs', task ':react-native-worklets:preBuild', task ':app:preBuild', task ':app:preReleaseBuild', task ':react-native-reanimated:preReleaseBuild', task ':react-native-worklets:preReleaseBuild', task ':react-native-worklets:configureCMakeRelWithDebInfo[arm64-v8a]', task ':react-native-worklets:buildCMakeRelWithDebInfo[arm64-v8a][worklets]', task ':react-native-worklets:configureCMakeRelWithDebInfo[armeabi-v7a]', task ':react-native-worklets:buildCMakeRelWithDebInfo[armeabi-v7a][worklets]', task ':react-native-worklets:configureCMakeRelWithDebInfo[x86]', task ':react-native-worklets:buildCMakeRelWithDebInfo[x86][worklets]', task ':react-native-worklets:configureCMakeRelWithDebInfo[x86_64]', task ':react-native-worklets:buildCMakeRelWithDebInfo[x86_64][worklets]', task ':react-native-worklets:externalNativeBuildRelease', task ':react-native-worklets:generateJsonModelRelease', task ':react-native-worklets:prefabReleaseConfigurePackage', task ':react-native-reanimated:configureCMakeRelWithDebInfo[arm64-v8a]', task ':react-native-reanimated:configureCMakeRelWithDebInfo[armeabi-v7a]', task ':react-native-reanimated:configureCMakeRelWithDebInfo[x86]', task ':react-native-reanimated:configureCMakeRelWithDebInfo[x86_64]', task ':react-native-reanimated:generateJsonModelRelease', task ':react-native-reanimated:prefabReleaseConfigurePackage', task ':app:configureCMakeRelWithDebInfo[arm64-v8a]', task ':react-native-worklets:prefabReleasePackage', task ':react-native-reanimated:buildCMakeRelWithDebInfo[arm64-v8a][reanimated]', task ':react-native-reanimated:buildCMakeRelWithDebInfo[armeabi-v7a][reanimated]', task ':react-native-reanimated:buildCMakeRelWithDebInfo[x86][reanimated]', task ':react-native-reanimated:buildCMakeRelWithDebInfo[x86_64][reanimated]', task ':react-native-worklets:mergeReleaseJniLibFolders', task ':react-native-worklets:mergeReleaseNativeLibs', task ':react-native-worklets:copyReleaseJniLibsProjectOnly', task ':react-native-reanimated:externalNativeBuildRelease', task ':react-native-reanimated:prefabReleasePackage', task ':app:buildCMakeRelWithDebInfo[arm64-v8a]', task ':app:configureCMakeRelWithDebInfo[armeabi-v7a]', task ':app:buildCMakeRelWithDebInfo[armeabi-v7a]', task ':app:configureCMakeRelWithDebInfo[x86]', task ':app:buildCMakeRelWithDebInfo[x86]', task ':app:configureCMakeRelWithDebInfo[x86_64]', task ':app:buildCMakeRelWithDebInfo[x86_64]', task ':app:mergeReleaseJniLibFolders', task ':chadify_ffmpeg-kit-react-native:preReleaseBuild', task ':chadify_ffmpeg-kit-react-native:mergeReleaseJniLibFolders', task ':chadify_ffmpeg-kit-react-native:mergeReleaseNativeLibs', task ':chadify_ffmpeg-kit-react-native:copyReleaseJniLibsProjectOnly', task ':react-native-async-storage_async-storage:preReleaseBuild', task ':react-native-async-storage_async-storage:mergeReleaseJniLibFolders', task ':react-native-async-storage_async-storage:mergeReleaseNativeLibs', task ':react-native-async-storage_async-storage:copyReleaseJniLibsProjectOnly', task ':react-native-fs:preReleaseBuild', task ':react-native-fs:mergeReleaseJniLibFolders', task ':react-native-fs:mergeReleaseNativeLibs', task ':react-native-fs:copyReleaseJniLibsProjectOnly', task ':react-native-gesture-handler:preReleaseBuild', task ':react-native-gesture-handler:configureCMakeRelWithDebInfo[arm64-v8a]', task ':react-native-gesture-handler:buildCMakeRelWithDebInfo[arm64-v8a]', task ':react-native-gesture-handler:configureCMakeRelWithDebInfo[armeabi-v7a]', task ':react-native-gesture-handler:buildCMakeRelWithDebInfo[armeabi-v7a]', task ':react-native-gesture-handler:configureCMakeRelWithDebInfo[x86]', task ':react-native-gesture-handler:buildCMakeRelWithDebInfo[x86]', task ':react-native-gesture-handler:configureCMakeRelWithDebInfo[x86_64]', task ':react-native-gesture-handler:buildCMakeRelWithDebInfo[x86_64]', task ':react-native-gesture-handler:mergeReleaseJniLibFolders', task ':react-native-gesture-handler:mergeReleaseNativeLibs', task ':react-native-gesture-handler:copyReleaseJniLibsProjectOnly', task ':react-native-image-picker:preReleaseBuild', task ':react-native-image-picker:mergeReleaseJniLibFolders', task ':react-native-image-picker:mergeReleaseNativeLibs', task ':react-native-image-picker:copyReleaseJniLibsProjectOnly', task ':react-native-linear-gradient:preReleaseBuild', task ':react-native-linear-gradient:mergeReleaseJniLibFolders', task ':react-native-linear-gradient:mergeReleaseNativeLibs', task ':react-native-linear-gradient:copyReleaseJniLibsProjectOnly', task ':react-native-reanimated:mergeReleaseJniLibFolders', task ':react-native-reanimated:mergeReleaseNativeLibs', task ':react-native-reanimated:copyReleaseJniLibsProjectOnly', task ':react-native-safe-area-context:preReleaseBuild', task ':react-native-safe-area-context:mergeReleaseJniLibFolders', task ':react-native-safe-area-context:mergeReleaseNativeLibs', task ':react-native-safe-area-context:copyReleaseJniLibsProjectOnly', task ':react-native-screens:preReleaseBuild', task ':react-native-screens:configureCMakeRelWithDebInfo[arm64-v8a]', task ':react-native-screens:buildCMakeRelWithDebInfo[arm64-v8a]', task ':react-native-screens:configureCMakeRelWithDebInfo[armeabi-v7a]', task ':react-native-screens:buildCMakeRelWithDebInfo[armeabi-v7a]', task ':react-native-screens:configureCMakeRelWithDebInfo[x86]', task ':react-native-screens:buildCMakeRelWithDebInfo[x86]', task ':react-native-screens:configureCMakeRelWithDebInfo[x86_64]', task ':react-native-screens:buildCMakeRelWithDebInfo[x86_64]', task ':react-native-screens:mergeReleaseJniLibFolders', task ':react-native-screens:mergeReleaseNativeLibs', task ':react-native-screens:copyReleaseJniLibsProjectOnly', task ':react-native-video:preReleaseBuild', task ':react-native-video:mergeReleaseJniLibFolders', task ':react-native-video:mergeReleaseNativeLibs', task ':react-native-video:copyReleaseJniLibsProjectOnly', task ':app:mergeReleaseNativeLibs', task ':app:stripReleaseDebugSymbols', task ':app:extractReleaseNativeSymbolTables', task ':app:mergeReleaseNativeDebugMetadata', task ':react-native-async-storage_async-storage:checkKotlinGradlePluginConfigurationErrors', task ':react-native-async-storage_async-storage:generateReleaseBuildConfig', task ':react-native-async-storage_async-storage:generateReleaseResValues', task ':react-native-async-storage_async-storage:generateReleaseResources', task ':react-native-async-storage_async-storage:packageReleaseResources', task ':react-native-async-storage_async-storage:parseReleaseLocalResources', task ':react-native-async-storage_async-storage:generateReleaseRFile', task ':react-native-async-storage_async-storage:kspReleaseKotlin', task ':react-native-async-storage_async-storage:compileReleaseKotlin', task ':react-native-async-storage_async-storage:javaPreCompileRelease', task ':react-native-async-storage_async-storage:compileReleaseJavaWithJavac', task ':react-native-async-storage_async-storage:bundleLibRuntimeToDirRelease', task ':react-native-gesture-handler:checkKotlinGradlePluginConfigurationErrors', task ':react-native-gesture-handler:generateReleaseBuildConfig', task ':react-native-gesture-handler:generateReleaseResValues', task ':react-native-gesture-handler:generateReleaseResources', task ':react-native-gesture-handler:packageReleaseResources', task ':react-native-gesture-handler:parseReleaseLocalResources', task ':react-native-gesture-handler:generateReleaseRFile', task ':react-native-reanimated:generateReleaseBuildConfig', task ':react-native-reanimated:generateReleaseResValues', task ':react-native-reanimated:generateReleaseResources', task ':react-native-reanimated:packageReleaseResources', task ':react-native-reanimated:parseReleaseLocalResources', task ':react-native-reanimated:generateReleaseRFile', task ':react-native-reanimated:javaPreCompileRelease', task ':react-native-worklets:checkKotlinGradlePluginConfigurationErrors', task ':react-native-worklets:generateReleaseBuildConfig', task ':react-native-worklets:generateReleaseResValues', task ':react-native-worklets:generateReleaseResources', task ':react-native-worklets:packageReleaseResources', task ':react-native-worklets:parseReleaseLocalResources', task ':react-native-worklets:generateReleaseRFile', task ':react-native-worklets:compileReleaseKotlin', task ':react-native-worklets:javaPreCompileRelease', task ':react-native-worklets:compileReleaseJavaWithJavac', task ':react-native-worklets:bundleLibCompileToJarRelease', task ':react-native-reanimated:compileReleaseJavaWithJavac', task ':react-native-reanimated:bundleLibCompileToJarRelease', task ':react-native-gesture-handler:compileReleaseKotlin', task ':react-native-gesture-handler:javaPreCompileRelease', task ':react-native-gesture-handler:compileReleaseJavaWithJavac', task ':react-native-gesture-handler:bundleLibRuntimeToDirRelease', task ':react-native-safe-area-context:checkKotlinGradlePluginConfigurationErrors', task ':react-native-safe-area-context:generateReleaseBuildConfig', task ':react-native-safe-area-context:generateReleaseResValues', task ':react-native-safe-area-context:generateReleaseResources', task ':react-native-safe-area-context:packageReleaseResources', task ':react-native-safe-area-context:parseReleaseLocalResources', task ':react-native-safe-area-context:generateReleaseRFile', task ':react-native-safe-area-context:compileReleaseKotlin', task ':react-native-safe-area-context:javaPreCompileRelease', task ':react-native-safe-area-context:compileReleaseJavaWithJavac', task ':react-native-safe-area-context:bundleLibRuntimeToDirRelease', task ':react-native-screens:checkKotlinGradlePluginConfigurationErrors', task ':react-native-screens:generateReleaseBuildConfig', task ':react-native-screens:generateReleaseResValues', task ':react-native-screens:generateReleaseResources', task ':react-native-screens:packageReleaseResources', task ':react-native-screens:parseReleaseLocalResources', task ':react-native-screens:generateReleaseRFile', task ':react-native-screens:compileReleaseKotlin', task ':react-native-screens:javaPreCompileRelease', task ':react-native-screens:compileReleaseJavaWithJavac', task ':react-native-screens:bundleLibRuntimeToDirRelease', task ':react-native-video:checkKotlinGradlePluginConfigurationErrors', task ':react-native-video:generateReleaseBuildConfig', task ':react-native-video:generateReleaseResValues', task ':react-native-video:generateReleaseResources', task ':react-native-video:packageReleaseResources', task ':react-native-video:parseReleaseLocalResources', task ':react-native-video:generateReleaseRFile', task ':react-native-video:compileReleaseKotlin', task ':react-native-video:javaPreCompileRelease', task ':react-native-video:compileReleaseJavaWithJavac', task ':react-native-video:bundleLibRuntimeToDirRelease', task ':react-native-reanimated:bundleLibRuntimeToDirRelease', task ':react-native-worklets:bundleLibRuntimeToDirRelease', task ':chadify_ffmpeg-kit-react-native:generateReleaseBuildConfig', task ':chadify_ffmpeg-kit-react-native:generateReleaseResValues', task ':chadify_ffmpeg-kit-react-native:generateReleaseResources', task ':chadify_ffmpeg-kit-react-native:packageReleaseResources', task ':chadify_ffmpeg-kit-react-native:parseReleaseLocalResources', task ':chadify_ffmpeg-kit-react-native:generateReleaseRFile', task ':chadify_ffmpeg-kit-react-native:javaPreCompileRelease', task ':chadify_ffmpeg-kit-react-native:compileReleaseJavaWithJavac', task ':chadify_ffmpeg-kit-react-native:bundleLibRuntimeToDirRelease', task ':react-native-fs:generateReleaseBuildConfig', task ':react-native-fs:generateReleaseResValues', task ':react-native-fs:generateReleaseResources', task ':react-native-fs:packageReleaseResources', task ':react-native-fs:parseReleaseLocalResources', task ':react-native-fs:generateReleaseRFile', task ':react-native-fs:javaPreCompileRelease', task ':react-native-fs:compileReleaseJavaWithJavac', task ':react-native-fs:bundleLibRuntimeToDirRelease', task ':react-native-image-picker:generateReleaseBuildConfig', task ':react-native-image-picker:generateReleaseResValues', task ':react-native-image-picker:generateReleaseResources', task ':react-native-image-picker:packageReleaseResources', task ':react-native-image-picker:parseReleaseLocalResources', task ':react-native-image-picker:generateReleaseRFile', task ':react-native-image-picker:javaPreCompileRelease', task ':react-native-image-picker:compileReleaseJavaWithJavac', task ':react-native-image-picker:bundleLibRuntimeToDirRelease', task ':react-native-linear-gradient:generateReleaseBuildConfig', task ':react-native-linear-gradient:generateReleaseResValues', task ':react-native-linear-gradient:generateReleaseResources', task ':react-native-linear-gradient:packageReleaseResources', task ':react-native-linear-gradient:parseReleaseLocalResources', task ':react-native-linear-gradient:generateReleaseRFile', task ':react-native-linear-gradient:javaPreCompileRelease', task ':react-native-linear-gradient:compileReleaseJavaWithJavac', task ':react-native-linear-gradient:bundleLibRuntimeToDirRelease', task ':app:checkReleaseDuplicateClasses', task ':app:buildKotlinToolingMetadata', task ':app:checkKotlinGradlePluginConfigurationErrors', task ':app:generateReleaseBuildConfig', task ':chadify_ffmpeg-kit-react-native:writeReleaseAarMetadata', task ':react-native-async-storage_async-storage:writeReleaseAarMetadata', task ':react-native-fs:writeReleaseAarMetadata', task ':react-native-gesture-handler:writeReleaseAarMetadata', task ':react-native-image-picker:writeReleaseAarMetadata', task ':react-native-linear-gradient:writeReleaseAarMetadata', task ':react-native-reanimated:writeReleaseAarMetadata', task ':react-native-safe-area-context:writeReleaseAarMetadata', task ':react-native-screens:writeReleaseAarMetadata', task ':react-native-video:writeReleaseAarMetadata', task ':react-native-worklets:writeReleaseAarMetadata', task ':app:checkReleaseAarMetadata', task ':app:createBundleReleaseJsAndAssets', task ':app:generateReleaseResValues', task ':app:mapReleaseSourceSetPaths', task ':app:generateReleaseResources', task ':app:mergeReleaseResources', task ':app:packageReleaseResources', task ':app:parseReleaseLocalResources', task ':app:createReleaseCompatibleScreenManifests', task ':app:extractDeepLinksRelease', task ':chadify_ffmpeg-kit-react-native:extractDeepLinksRelease', task ':chadify_ffmpeg-kit-react-native:processReleaseManifest', task ':react-native-async-storage_async-storage:extractDeepLinksRelease', task ':react-native-async-storage_async-storage:processReleaseManifest', task ':react-native-fs:extractDeepLinksRelease', task ':react-native-fs:processReleaseManifest', task ':react-native-gesture-handler:extractDeepLinksRelease', task ':react-native-gesture-handler:processReleaseManifest', task ':react-native-image-picker:extractDeepLinksRelease', task ':react-native-image-picker:processReleaseManifest', task ':react-native-linear-gradient:extractDeepLinksRelease', task ':react-native-linear-gradient:processReleaseManifest', task ':react-native-reanimated:extractDeepLinksRelease', task ':react-native-reanimated:processReleaseManifest', task ':react-native-safe-area-context:extractDeepLinksRelease', task ':react-native-safe-area-context:processReleaseManifest', task ':react-native-screens:extractDeepLinksRelease', task ':react-native-screens:processReleaseManifest', task ':react-native-video:extractDeepLinksRelease', task ':react-native-video:processReleaseManifest', task ':react-native-worklets:extractDeepLinksRelease', task ':react-native-worklets:processReleaseManifest', task ':app:processReleaseMainManifest', task ':app:processReleaseManifest', task ':app:processReleaseManifestForPackage', task ':chadify_ffmpeg-kit-react-native:compileReleaseLibraryResources', task ':react-native-async-storage_async-storage:compileReleaseLibraryResources', task ':react-native-fs:compileReleaseLibraryResources', task ':react-native-gesture-handler:compileReleaseLibraryResources', task ':react-native-image-picker:compileReleaseLibraryResources', task ':react-native-linear-gradient:compileReleaseLibraryResources', task ':react-native-reanimated:compileReleaseLibraryResources', task ':react-native-safe-area-context:compileReleaseLibraryResources', task ':react-native-screens:compileReleaseLibraryResources', task ':react-native-video:compileReleaseLibraryResources', task ':react-native-worklets:compileReleaseLibraryResources', task ':app:processReleaseResources', task ':chadify_ffmpeg-kit-react-native:bundleLibCompileToJarRelease', task ':react-native-async-storage_async-storage:bundleLibCompileToJarRelease', task ':react-native-fs:bundleLibCompileToJarRelease', task ':react-native-gesture-handler:bundleLibCompileToJarRelease', task ':react-native-image-picker:bundleLibCompileToJarRelease', task ':react-native-linear-gradient:bundleLibCompileToJarRelease', task ':react-native-safe-area-context:bundleLibCompileToJarRelease', task ':react-native-screens:bundleLibCompileToJarRelease', task ':react-native-video:bundleLibCompileToJarRelease', task ':app:compileReleaseKotlin', task ':app:javaPreCompileRelease', task ':app:compileReleaseJavaWithJavac', task ':app:dexBuilderRelease', task ':app:desugarReleaseFileDependencies', task ':app:mergeReleaseStartupProfile', task ':app:mergeExtDexRelease', task ':app:mergeDexRelease', task ':chadify_ffmpeg-kit-react-native:prepareReleaseArtProfile', task ':react-native-async-storage_async-storage:prepareReleaseArtProfile', task ':react-native-fs:prepareReleaseArtProfile', task ':react-native-gesture-handler:prepareReleaseArtProfile', task ':react-native-image-picker:prepareReleaseArtProfile', task ':react-native-linear-gradient:prepareReleaseArtProfile', task ':react-native-reanimated:prepareReleaseArtProfile', task ':react-native-safe-area-context:prepareReleaseArtProfile', task ':react-native-screens:prepareReleaseArtProfile', task ':react-native-video:prepareReleaseArtProfile', task ':react-native-worklets:prepareReleaseArtProfile', task ':app:mergeReleaseArtProfile', task ':react-native-async-storage_async-storage:bundleLibRuntimeToJarRelease', task ':react-native-gesture-handler:bundleLibRuntimeToJarRelease', task ':react-native-safe-area-context:bundleLibRuntimeToJarRelease', task ':react-native-screens:bundleLibRuntimeToJarRelease', task ':react-native-video:bundleLibRuntimeToJarRelease', task ':react-native-reanimated:bundleLibRuntimeToJarRelease', task ':react-native-worklets:bundleLibRuntimeToJarRelease', task ':chadify_ffmpeg-kit-react-native:bundleLibRuntimeToJarRelease', task ':react-native-fs:bundleLibRuntimeToJarRelease', task ':react-native-image-picker:bundleLibRuntimeToJarRelease', task ':react-native-linear-gradient:bundleLibRuntimeToJarRelease', task ':app:mergeReleaseGlobalSynthetics', task ':app:compileReleaseArtProfile', task ':app:mergeReleaseShaders', task ':app:compileReleaseShaders', task ':app:generateReleaseAssets', task ':chadify_ffmpeg-kit-react-native:mergeReleaseShaders', task ':chadify_ffmpeg-kit-react-native:compileReleaseShaders', task ':chadify_ffmpeg-kit-react-native:generateReleaseAssets', task ':chadify_ffmpeg-kit-react-native:mergeReleaseAssets', task ':react-native-async-storage_async-storage:mergeReleaseShaders', task ':react-native-async-storage_async-storage:compileReleaseShaders', task ':react-native-async-storage_async-storage:generateReleaseAssets', task ':react-native-async-storage_async-storage:mergeReleaseAssets', task ':react-native-fs:mergeReleaseShaders', task ':react-native-fs:compileReleaseShaders', task ':react-native-fs:generateReleaseAssets', task ':react-native-fs:mergeReleaseAssets', task ':react-native-gesture-handler:mergeReleaseShaders', task ':react-native-gesture-handler:compileReleaseShaders', task ':react-native-gesture-handler:generateReleaseAssets', task ':react-native-gesture-handler:mergeReleaseAssets', task ':react-native-image-picker:mergeReleaseShaders', task ':react-native-image-picker:compileReleaseShaders', task ':react-native-image-picker:generateReleaseAssets', task ':react-native-image-picker:mergeReleaseAssets', task ':react-native-linear-gradient:mergeReleaseShaders', task ':react-native-linear-gradient:compileReleaseShaders', task ':react-native-linear-gradient:generateReleaseAssets', task ':react-native-linear-gradient:mergeReleaseAssets', task ':react-native-reanimated:mergeReleaseShaders', task ':react-native-reanimated:compileReleaseShaders', task ':react-native-reanimated:generateReleaseAssets', task ':react-native-reanimated:mergeReleaseAssets', task ':react-native-safe-area-context:mergeReleaseShaders', task ':react-native-safe-area-context:compileReleaseShaders', task ':react-native-safe-area-context:generateReleaseAssets', task ':react-native-safe-area-context:mergeReleaseAssets', task ':react-native-screens:mergeReleaseShaders', task ':react-native-screens:compileReleaseShaders', task ':react-native-screens:generateReleaseAssets', task ':react-native-screens:mergeReleaseAssets', task ':react-native-video:mergeReleaseShaders', task ':react-native-video:compileReleaseShaders', task ':react-native-video:generateReleaseAssets', task ':react-native-video:mergeReleaseAssets', task ':react-native-worklets:mergeReleaseShaders', task ':react-native-worklets:compileReleaseShaders', task ':react-native-worklets:generateReleaseAssets', task ':react-native-worklets:mergeReleaseAssets', task ':app:mergeReleaseAssets', task ':app:compressReleaseAssets', task ':app:extractReleaseVersionControlInfo', task ':app:extractProguardFiles', task ':chadify_ffmpeg-kit-react-native:processReleaseJavaRes', task ':chadify_ffmpeg-kit-react-native:createFullJarRelease', task ':chadify_ffmpeg-kit-react-native:extractProguardFiles', task ':chadify_ffmpeg-kit-react-native:generateReleaseLintModel', task ':chadify_ffmpeg-kit-react-native:prepareLintJarForPublish', task ':react-native-async-storage_async-storage:processReleaseJavaRes', task ':react-native-async-storage_async-storage:createFullJarRelease', task ':react-native-async-storage_async-storage:extractProguardFiles', task ':react-native-async-storage_async-storage:generateReleaseLintModel', task ':react-native-async-storage_async-storage:prepareLintJarForPublish', task ':react-native-fs:processReleaseJavaRes', task ':react-native-fs:createFullJarRelease', task ':react-native-fs:extractProguardFiles', task ':react-native-fs:generateReleaseLintModel', task ':react-native-fs:prepareLintJarForPublish', task ':react-native-gesture-handler:processReleaseJavaRes', task ':react-native-gesture-handler:createFullJarRelease', task ':react-native-gesture-handler:extractProguardFiles', task ':react-native-reanimated:processReleaseJavaRes', task ':react-native-reanimated:createFullJarRelease', task ':react-native-reanimated:extractProguardFiles', task ':react-native-worklets:processReleaseJavaRes', task ':react-native-worklets:createFullJarRelease', task ':react-native-worklets:extractProguardFiles', task ':react-native-worklets:generateReleaseLintModel', task ':react-native-worklets:prepareLintJarForPublish', task ':react-native-reanimated:generateReleaseLintModel', task ':react-native-reanimated:prepareLintJarForPublish', task ':react-native-gesture-handler:generateReleaseLintModel', task ':react-native-gesture-handler:prepareLintJarForPublish', task ':react-native-image-picker:processReleaseJavaRes', task ':react-native-image-picker:createFullJarRelease', task ':react-native-image-picker:extractProguardFiles', task ':react-native-image-picker:generateReleaseLintModel', task ':react-native-image-picker:prepareLintJarForPublish', task ':react-native-linear-gradient:processReleaseJavaRes', task ':react-native-linear-gradient:createFullJarRelease', task ':react-native-linear-gradient:extractProguardFiles', task ':react-native-linear-gradient:generateReleaseLintModel', task ':react-native-linear-gradient:prepareLintJarForPublish', task ':react-native-safe-area-context:processReleaseJavaRes', task ':react-native-safe-area-context:createFullJarRelease', task ':react-native-safe-area-context:extractProguardFiles', task ':react-native-safe-area-context:generateReleaseLintModel', task ':react-native-safe-area-context:prepareLintJarForPublish', task ':react-native-screens:processReleaseJavaRes', task ':react-native-screens:createFullJarRelease', task ':react-native-screens:extractProguardFiles', task ':react-native-screens:generateReleaseLintModel', task ':react-native-screens:prepareLintJarForPublish', task ':react-native-video:processReleaseJavaRes', task ':react-native-video:createFullJarRelease', task ':react-native-video:extractProguardFiles', task ':react-native-video:generateReleaseLintModel', task ':react-native-video:prepareLintJarForPublish', task ':app:generateReleaseLintVitalReportModel', task ':react-native-async-storage_async-storage:stripReleaseDebugSymbols', task ':react-native-async-storage_async-storage:copyReleaseJniLibsProjectAndLocalJars', task ':react-native-async-storage_async-storage:extractDeepLinksForAarRelease', task ':react-native-async-storage_async-storage:extractReleaseAnnotations', task ':react-native-async-storage_async-storage:mergeReleaseGeneratedProguardFiles', task ':react-native-async-storage_async-storage:mergeReleaseConsumerProguardFiles', task ':react-native-async-storage_async-storage:mergeReleaseJavaResource', task ':react-native-async-storage_async-storage:syncReleaseLibJars', task ':react-native-async-storage_async-storage:bundleReleaseLocalLintAar', task ':react-native-gesture-handler:stripReleaseDebugSymbols', task ':react-native-gesture-handler:copyReleaseJniLibsProjectAndLocalJars', task ':react-native-gesture-handler:extractDeepLinksForAarRelease', task ':react-native-gesture-handler:extractReleaseAnnotations', task ':react-native-gesture-handler:mergeReleaseGeneratedProguardFiles', task ':react-native-gesture-handler:mergeReleaseConsumerProguardFiles', task ':react-native-gesture-handler:mergeReleaseJavaResource', task ':react-native-gesture-handler:syncReleaseLibJars', task ':react-native-gesture-handler:bundleReleaseLocalLintAar', task ':react-native-safe-area-context:stripReleaseDebugSymbols', task ':react-native-safe-area-context:copyReleaseJniLibsProjectAndLocalJars', task ':react-native-safe-area-context:extractDeepLinksForAarRelease', task ':react-native-safe-area-context:extractReleaseAnnotations', task ':react-native-safe-area-context:mergeReleaseGeneratedProguardFiles', task ':react-native-safe-area-context:mergeReleaseConsumerProguardFiles', task ':react-native-safe-area-context:mergeReleaseJavaResource', task ':react-native-safe-area-context:syncReleaseLibJars', task ':react-native-safe-area-context:bundleReleaseLocalLintAar', task ':react-native-screens:stripReleaseDebugSymbols', task ':react-native-screens:copyReleaseJniLibsProjectAndLocalJars', task ':react-native-screens:extractDeepLinksForAarRelease', task ':react-native-screens:extractReleaseAnnotations', task ':react-native-screens:mergeReleaseGeneratedProguardFiles', task ':react-native-screens:mergeReleaseConsumerProguardFiles', task ':react-native-screens:mergeReleaseJavaResource', task ':react-native-screens:syncReleaseLibJars', task ':react-native-screens:bundleReleaseLocalLintAar', task ':react-native-video:stripReleaseDebugSymbols', task ':react-native-video:copyReleaseJniLibsProjectAndLocalJars', task ':react-native-video:extractDeepLinksForAarRelease', task ':react-native-video:extractReleaseAnnotations', task ':react-native-video:mergeReleaseGeneratedProguardFiles', task ':react-native-video:mergeReleaseConsumerProguardFiles', task ':react-native-video:mergeReleaseJavaResource', task ':react-native-video:syncReleaseLibJars', task ':react-native-video:bundleReleaseLocalLintAar', task ':react-native-reanimated:stripReleaseDebugSymbols', task ':react-native-reanimated:copyReleaseJniLibsProjectAndLocalJars', task ':react-native-reanimated:extractDeepLinksForAarRelease', task ':react-native-reanimated:extractReleaseAnnotations', task ':react-native-reanimated:mergeReleaseGeneratedProguardFiles', task ':react-native-reanimated:mergeReleaseConsumerProguardFiles', task ':react-native-reanimated:mergeReleaseJavaResource', task ':react-native-reanimated:syncReleaseLibJars', task ':react-native-reanimated:bundleReleaseLocalLintAar', task ':react-native-worklets:stripReleaseDebugSymbols', task ':react-native-worklets:copyReleaseJniLibsProjectAndLocalJars', task ':react-native-worklets:extractDeepLinksForAarRelease', task ':react-native-worklets:extractReleaseAnnotations', task ':react-native-worklets:mergeReleaseGeneratedProguardFiles', task ':react-native-worklets:mergeReleaseConsumerProguardFiles', task ':react-native-worklets:mergeReleaseJavaResource', task ':react-native-worklets:syncReleaseLibJars', task ':react-native-worklets:bundleReleaseLocalLintAar', task ':chadify_ffmpeg-kit-react-native:stripReleaseDebugSymbols', task ':chadify_ffmpeg-kit-react-native:copyReleaseJniLibsProjectAndLocalJars', task ':chadify_ffmpeg-kit-react-native:extractDeepLinksForAarRelease', task ':chadify_ffmpeg-kit-react-native:extractReleaseAnnotations', task ':chadify_ffmpeg-kit-react-native:mergeReleaseGeneratedProguardFiles', task ':chadify_ffmpeg-kit-react-native:mergeReleaseConsumerProguardFiles', task ':chadify_ffmpeg-kit-react-native:mergeReleaseJavaResource', task ':chadify_ffmpeg-kit-react-native:syncReleaseLibJars', task ':chadify_ffmpeg-kit-react-native:bundleReleaseLocalLintAar', task ':react-native-fs:stripReleaseDebugSymbols', task ':react-native-fs:copyReleaseJniLibsProjectAndLocalJars', task ':react-native-fs:extractDeepLinksForAarRelease', task ':react-native-fs:extractReleaseAnnotations', task ':react-native-fs:mergeReleaseGeneratedProguardFiles', task ':react-native-fs:mergeReleaseConsumerProguardFiles', task ':react-native-fs:mergeReleaseJavaResource', task ':react-native-fs:syncReleaseLibJars', task ':react-native-fs:bundleReleaseLocalLintAar', task ':react-native-image-picker:stripReleaseDebugSymbols', task ':react-native-image-picker:copyReleaseJniLibsProjectAndLocalJars', task ':react-native-image-picker:extractDeepLinksForAarRelease', task ':react-native-image-picker:extractReleaseAnnotations', task ':react-native-image-picker:mergeReleaseGeneratedProguardFiles', task ':react-native-image-picker:mergeReleaseConsumerProguardFiles', task ':react-native-image-picker:mergeReleaseJavaResource', task ':react-native-image-picker:syncReleaseLibJars', task ':react-native-image-picker:bundleReleaseLocalLintAar', task ':react-native-linear-gradient:stripReleaseDebugSymbols', task ':react-native-linear-gradient:copyReleaseJniLibsProjectAndLocalJars', task ':react-native-linear-gradient:extractDeepLinksForAarRelease', task ':react-native-linear-gradient:extractReleaseAnnotations', task ':react-native-linear-gradient:mergeReleaseGeneratedProguardFiles', task ':react-native-linear-gradient:mergeReleaseConsumerProguardFiles', task ':react-native-linear-gradient:mergeReleaseJavaResource', task ':react-native-linear-gradient:syncReleaseLibJars', task ':react-native-linear-gradient:bundleReleaseLocalLintAar', task ':chadify_ffmpeg-kit-react-native:lintVitalAnalyzeRelease', task ':chadify_ffmpeg-kit-react-native:writeReleaseLintModelMetadata', task ':react-native-async-storage_async-storage:lintVitalAnalyzeRelease', task ':react-native-async-storage_async-storage:writeReleaseLintModelMetadata', task ':react-native-fs:lintVitalAnalyzeRelease', task ':react-native-fs:writeReleaseLintModelMetadata', task ':react-native-reanimated:writeReleaseLintModelMetadata', task ':react-native-worklets:writeReleaseLintModelMetadata', task ':react-native-gesture-handler:lintVitalAnalyzeRelease', task ':react-native-gesture-handler:writeReleaseLintModelMetadata', task ':react-native-image-picker:lintVitalAnalyzeRelease', task ':react-native-image-picker:writeReleaseLintModelMetadata', task ':react-native-linear-gradient:lintVitalAnalyzeRelease', task ':react-native-linear-gradient:writeReleaseLintModelMetadata', task ':react-native-reanimated:lintVitalAnalyzeRelease', task ':react-native-safe-area-context:lintVitalAnalyzeRelease', task ':react-native-safe-area-context:writeReleaseLintModelMetadata', task ':react-native-screens:lintVitalAnalyzeRelease', task ':react-native-screens:writeReleaseLintModelMetadata', task ':react-native-video:lintVitalAnalyzeRelease', task ':react-native-video:writeReleaseLintModelMetadata', task ':react-native-worklets:lintVitalAnalyzeRelease', task ':app:lintVitalAnalyzeRelease', task ':chadify_ffmpeg-kit-react-native:generateReleaseLintVitalModel', task ':react-native-async-storage_async-storage:generateReleaseLintVitalModel', task ':react-native-fs:generateReleaseLintVitalModel', task ':react-native-gesture-handler:generateReleaseLintVitalModel', task ':react-native-image-picker:generateReleaseLintVitalModel', task ':react-native-linear-gradient:generateReleaseLintVitalModel', task ':react-native-reanimated:generateReleaseLintVitalModel', task ':react-native-safe-area-context:generateReleaseLintVitalModel', task ':react-native-screens:generateReleaseLintVitalModel', task ':react-native-video:generateReleaseLintVitalModel', task ':react-native-worklets:generateReleaseLintVitalModel', task ':app:lintVitalReportRelease', task ':app:lintVitalRelease', task ':app:processReleaseJavaRes', task ':app:mergeReleaseJavaResource', task ':app:optimizeReleaseResources', task ':app:collectReleaseDependencies', task ':app:sdkReleaseDependencyData', task ':app:validateSigningRelease', task ':app:writeReleaseAppMetadata', task ':app:writeReleaseSigningConfigVersions', task ':app:packageRelease', task ':app:createReleaseApkListingFileRedirect', task ':app:assembleRelease', task ':chadify_ffmpeg-kit-react-native:bundleReleaseAar', task ':chadify_ffmpeg-kit-react-native:mapReleaseSourceSetPaths', task ':chadify_ffmpeg-kit-react-native:mergeReleaseResources', task ':chadify_ffmpeg-kit-react-native:verifyReleaseResources', task ':chadify_ffmpeg-kit-react-native:assembleRelease', task ':react-native-async-storage_async-storage:bundleReleaseAar', task ':react-native-async-storage_async-storage:mapReleaseSourceSetPaths', task ':react-native-async-storage_async-storage:mergeReleaseResources', task ':react-native-async-storage_async-storage:verifyReleaseResources', task ':react-native-async-storage_async-storage:assembleRelease', task ':react-native-fs:bundleReleaseAar', task ':react-native-fs:mapReleaseSourceSetPaths', task ':react-native-fs:mergeReleaseResources', task ':react-native-fs:verifyReleaseResources', task ':react-native-fs:assembleRelease', task ':react-native-gesture-handler:bundleReleaseAar', task ':react-native-gesture-handler:mapReleaseSourceSetPaths', task ':react-native-gesture-handler:mergeReleaseResources', task ':react-native-gesture-handler:verifyReleaseResources', task ':react-native-gesture-handler:assembleRelease', task ':react-native-image-picker:bundleReleaseAar', task ':react-native-image-picker:mapReleaseSourceSetPaths', task ':react-native-image-picker:mergeReleaseResources', task ':react-native-image-picker:verifyReleaseResources', task ':react-native-image-picker:assembleRelease', task ':react-native-linear-gradient:bundleReleaseAar', task ':react-native-linear-gradient:mapReleaseSourceSetPaths', task ':react-native-linear-gradient:mergeReleaseResources', task ':react-native-linear-gradient:verifyReleaseResources', task ':react-native-linear-gradient:assembleRelease', task ':react-native-reanimated:bundleReleaseAar', task ':react-native-reanimated:mapReleaseSourceSetPaths', task ':react-native-reanimated:mergeReleaseResources', task ':react-native-reanimated:verifyReleaseResources', task ':react-native-reanimated:assembleRelease', task ':react-native-safe-area-context:bundleReleaseAar', task ':react-native-safe-area-context:mapReleaseSourceSetPaths', task ':react-native-safe-area-context:mergeReleaseResources', task ':react-native-safe-area-context:verifyReleaseResources', task ':react-native-safe-area-context:assembleRelease', task ':react-native-screens:bundleReleaseAar', task ':react-native-screens:mapReleaseSourceSetPaths', task ':react-native-screens:mergeReleaseResources', task ':react-native-screens:verifyReleaseResources', task ':react-native-screens:assembleRelease', task ':react-native-video:bundleReleaseAar', task ':react-native-video:mapReleaseSourceSetPaths', task ':react-native-video:mergeReleaseResources', task ':react-native-video:verifyReleaseResources', task ':react-native-video:assembleRelease', task ':react-native-worklets:bundleReleaseAar', task ':react-native-worklets:mapReleaseSourceSetPaths', task ':react-native-worklets:mergeReleaseResources', task ':react-native-worklets:verifyReleaseResources', task ':react-native-worklets:assembleRelease']
Tasks that were excluded: []
work action Parameters of ClassesDirToClassesTransform (Thread[included builds Thread 2,5,main]) started.
work action Parameters of DexingNoClasspathTransform (Thread[included builds Thread 2,5,main]) started.
work action Parameters of DexingOutputSplitTransform (Thread[included builds Thread 2,5,main]) started.
work action Parameters of IdentityTransform (Thread[included builds Thread 2,5,main]) started.
work action Parameters of DexingOutputSplitTransform (Thread[included builds Thread 2,5,main]) started.
work action Parameters of ExtractAarTransform (Thread[included builds Thread 2,5,main]) started.
work action Parameters of ExtractAarTransform (Thread[included builds Thread 2,5,main]) started.
work action Parameters of ExtractAarTransform (Thread[included builds Thread 2,5,main]) started.
Resolve mutations for :app:generateAutolinkingNewArchitectureFiles (Thread[included builds Thread 2,5,main]) started.
:app:generateAutolinkingNewArchitectureFiles (Thread[included builds Thread 2,5,main]) started.

> Task :app:generateAutolinkingNewArchitectureFiles UP-TO-DATE
Caching disabled for task ':app:generateAutolinkingNewArchitectureFiles' because:
  Build cache is disabled
  Caching has not been enabled for the task
Skipping task ':app:generateAutolinkingNewArchitectureFiles' as it is up-to-date.
Resolve mutations for :app:generateAutolinkingPackageList (Thread[included builds Thread 2,5,main]) started.
:app:generateAutolinkingPackageList (Thread[included builds Thread 2,5,main]) started.

> Task :app:generateAutolinkingPackageList UP-TO-DATE
Caching disabled for task ':app:generateAutolinkingPackageList' because:
  Build cache is disabled
  Caching has not been enabled for the task
Skipping task ':app:generateAutolinkingPackageList' as it is up-to-date.
Resolve mutations for :app:generateCodegenSchemaFromJavaScript (Thread[included builds Thread 2,5,main]) started.
:app:generateCodegenSchemaFromJavaScript (Thread[included builds Thread 2,5,main]) started.

> Task :app:generateCodegenSchemaFromJavaScript SKIPPED
Skipping task ':app:generateCodegenSchemaFromJavaScript' as task onlyIf 'Task satisfies onlyIf spec' is false.
Resolve mutations for :app:generateCodegenArtifactsFromSchema (Thread[included builds Thread 2,5,main]) started.
:app:generateCodegenArtifactsFromSchema (Thread[included builds Thread 2,5,main]) started.

> Task :app:generateCodegenArtifactsFromSchema SKIPPED
Skipping task ':app:generateCodegenArtifactsFromSchema' as task onlyIf 'Task satisfies onlyIf spec' is false.
Resolve mutations for :app:generateReactNativeEntryPoint (Thread[included builds Thread 2,5,main]) started.
:app:generateReactNativeEntryPoint (Thread[included builds Thread 2,5,main]) started.

> Task :app:generateReactNativeEntryPoint UP-TO-DATE
Caching disabled for task ':app:generateReactNativeEntryPoint' because:
  Build cache is disabled
  Caching has not been enabled for the task
Skipping task ':app:generateReactNativeEntryPoint' as it is up-to-date.
Resolve mutations for :chadify_ffmpeg-kit-react-native:preBuild (Thread[included builds Thread 2,5,main]) started.
:chadify_ffmpeg-kit-react-native:preBuild (Thread[included builds Thread 2,5,main]) started.

> Task :chadify_ffmpeg-kit-react-native:preBuild UP-TO-DATE
Skipping task ':chadify_ffmpeg-kit-react-native:preBuild' as it has no actions.
Resolve mutations for :react-native-async-storage_async-storage:generateCodegenSchemaFromJavaScript (Thread[included builds Thread 2,5,main]) started.
:react-native-async-storage_async-storage:generateCodegenSchemaFromJavaScript (Thread[included builds Thread 2,5,main]) started.

> Task :react-native-async-storage_async-storage:generateCodegenSchemaFromJavaScript UP-TO-DATE
Caching disabled for task ':react-native-async-storage_async-storage:generateCodegenSchemaFromJavaScript' because:
  Build cache is disabled
  Caching has not been enabled for the task
Skipping task ':react-native-async-storage_async-storage:generateCodegenSchemaFromJavaScript' as it is up-to-date.
Resolve mutations for :react-native-async-storage_async-storage:generateCodegenArtifactsFromSchema (Thread[included builds Thread 2,5,main]) started.
:react-native-async-storage_async-storage:generateCodegenArtifactsFromSchema (Thread[included builds Thread 2,5,main]) started.

> Task :react-native-async-storage_async-storage:generateCodegenArtifactsFromSchema UP-TO-DATE
Caching disabled for task ':react-native-async-storage_async-storage:generateCodegenArtifactsFromSchema' because:
  Build cache is disabled
  Caching has not been enabled for the task
Skipping task ':react-native-async-storage_async-storage:generateCodegenArtifactsFromSchema' as it is up-to-date.
Resolve mutations for :react-native-async-storage_async-storage:preBuild (Thread[included builds Thread 2,5,main]) started.
:react-native-async-storage_async-storage:preBuild (Thread[included builds Thread 2,5,main]) started.

> Task :react-native-async-storage_async-storage:preBuild UP-TO-DATE
Skipping task ':react-native-async-storage_async-storage:preBuild' as it has no actions.
Resolve mutations for :react-native-fs:preBuild (Thread[included builds Thread 2,5,main]) started.
:react-native-fs:preBuild (Thread[included builds Thread 2,5,main]) started.

> Task :react-native-fs:preBuild UP-TO-DATE
Skipping task ':react-native-fs:preBuild' as it has no actions.
Resolve mutations for :react-native-gesture-handler:generateCodegenSchemaFromJavaScript (Thread[included builds Thread 2,5,main]) started.
:react-native-gesture-handler:generateCodegenSchemaFromJavaScript (Thread[included builds Thread 2,5,main]) started.

> Task :react-native-gesture-handler:generateCodegenSchemaFromJavaScript UP-TO-DATE
Caching disabled for task ':react-native-gesture-handler:generateCodegenSchemaFromJavaScript' because:
  Build cache is disabled
  Caching has not been enabled for the task
Skipping task ':react-native-gesture-handler:generateCodegenSchemaFromJavaScript' as it is up-to-date.
Resolve mutations for :react-native-gesture-handler:generateCodegenArtifactsFromSchema (Thread[included builds Thread 2,5,main]) started.
:react-native-gesture-handler:generateCodegenArtifactsFromSchema (Thread[included builds Thread 2,5,main]) started.

> Task :react-native-gesture-handler:generateCodegenArtifactsFromSchema UP-TO-DATE
Caching disabled for task ':react-native-gesture-handler:generateCodegenArtifactsFromSchema' because:
  Build cache is disabled
  Caching has not been enabled for the task
Skipping task ':react-native-gesture-handler:generateCodegenArtifactsFromSchema' as it is up-to-date.
Resolve mutations for :react-native-gesture-handler:preBuild (Thread[included builds Thread 2,5,main]) started.
:react-native-gesture-handler:preBuild (Thread[included builds Thread 2,5,main]) started.

> Task :react-native-gesture-handler:preBuild UP-TO-DATE
Skipping task ':react-native-gesture-handler:preBuild' as it has no actions.
Resolve mutations for :react-native-image-picker:generateCodegenSchemaFromJavaScript (Thread[included builds Thread 2,5,main]) started.
:react-native-image-picker:generateCodegenSchemaFromJavaScript (Thread[included builds Thread 2,5,main]) started.

> Task :react-native-image-picker:generateCodegenSchemaFromJavaScript UP-TO-DATE
Caching disabled for task ':react-native-image-picker:generateCodegenSchemaFromJavaScript' because:
  Build cache is disabled
  Caching has not been enabled for the task
Skipping task ':react-native-image-picker:generateCodegenSchemaFromJavaScript' as it is up-to-date.
Resolve mutations for :react-native-image-picker:generateCodegenArtifactsFromSchema (Thread[included builds Thread 2,5,main]) started.
:react-native-image-picker:generateCodegenArtifactsFromSchema (Thread[included builds Thread 2,5,main]) started.

> Task :react-native-image-picker:generateCodegenArtifactsFromSchema UP-TO-DATE
Caching disabled for task ':react-native-image-picker:generateCodegenArtifactsFromSchema' because:
  Build cache is disabled
  Caching has not been enabled for the task
Skipping task ':react-native-image-picker:generateCodegenArtifactsFromSchema' as it is up-to-date.
Resolve mutations for :react-native-image-picker:preBuild (Thread[included builds Thread 2,5,main]) started.
:react-native-image-picker:preBuild (Thread[included builds Thread 2,5,main]) started.

> Task :react-native-image-picker:preBuild UP-TO-DATE
Skipping task ':react-native-image-picker:preBuild' as it has no actions.
Resolve mutations for :react-native-linear-gradient:preBuild (Thread[included builds Thread 2,5,main]) started.
:react-native-linear-gradient:preBuild (Thread[included builds Thread 2,5,main]) started.

> Task :react-native-linear-gradient:preBuild UP-TO-DATE
Skipping task ':react-native-linear-gradient:preBuild' as it has no actions.
Resolve mutations for :react-native-reanimated:assertMinimalReactNativeVersionTask (Thread[included builds Thread 2,5,main]) started.
:react-native-reanimated:assertMinimalReactNativeVersionTask (Thread[included builds Thread 2,5,main]) started.

> Task :react-native-reanimated:assertMinimalReactNativeVersionTask
Caching disabled for task ':react-native-reanimated:assertMinimalReactNativeVersionTask' because:
  Build cache is disabled
Task ':react-native-reanimated:assertMinimalReactNativeVersionTask' is not up-to-date because:
  Task has not declared any outputs despite executing actions.
Starting process 'command 'node''. Working directory: C:\Users\teemm\reacte_projets\EmpireCut\node_modules\react-native-reanimated\android Command: node ./../scripts/validate-react-native-version.js 0.85.3
Successfully started process 'command 'node''
Resolve mutations for :react-native-reanimated:assertNewArchitectureEnabledTask (Thread[included builds Thread 2,5,main]) started.
:react-native-reanimated:assertNewArchitectureEnabledTask (Thread[included builds Thread 2,5,main]) started.

> Task :react-native-reanimated:assertNewArchitectureEnabledTask SKIPPED
Skipping task ':react-native-reanimated:assertNewArchitectureEnabledTask' as task onlyIf 'Task satisfies onlyIf closure' is false.
Resolve mutations for :react-native-reanimated:assertWorkletsVersionTask (Thread[included builds Thread 2,5,main]) started.
:react-native-reanimated:assertWorkletsVersionTask (Thread[included builds Thread 2,5,main]) started.

> Task :react-native-reanimated:assertWorkletsVersionTask
Caching disabled for task ':react-native-reanimated:assertWorkletsVersionTask' because:
  Build cache is disabled
Task ':react-native-reanimated:assertWorkletsVersionTask' is not up-to-date because:
  Task has not declared any outputs despite executing actions.
Starting process 'command 'node''. Working directory: C:\Users\teemm\reacte_projets\EmpireCut\node_modules\react-native-reanimated\android Command: node ./../scripts/validate-worklets-build.js
Successfully started process 'command 'node''
Resolve mutations for :react-native-reanimated:generateCodegenSchemaFromJavaScript (Thread[included builds Thread 2,5,main]) started.
:react-native-reanimated:generateCodegenSchemaFromJavaScript (Thread[included builds Thread 2,5,main]) started.

> Task :react-native-reanimated:generateCodegenSchemaFromJavaScript UP-TO-DATE
Caching disabled for task ':react-native-reanimated:generateCodegenSchemaFromJavaScript' because:
  Build cache is disabled
  Caching has not been enabled for the task
Skipping task ':react-native-reanimated:generateCodegenSchemaFromJavaScript' as it is up-to-date.
Resolve mutations for :react-native-reanimated:generateCodegenArtifactsFromSchema (Thread[included builds Thread 2,5,main]) started.
:react-native-reanimated:generateCodegenArtifactsFromSchema (Thread[included builds Thread 2,5,main]) started.

> Task :react-native-reanimated:generateCodegenArtifactsFromSchema UP-TO-DATE
Caching disabled for task ':react-native-reanimated:generateCodegenArtifactsFromSchema' because:
  Build cache is disabled
  Caching has not been enabled for the task
Skipping task ':react-native-reanimated:generateCodegenArtifactsFromSchema' as it is up-to-date.
Resolve mutations for :react-native-reanimated:prepareReanimatedHeadersForPrefabs (Thread[included builds Thread 2,5,main]) started.
:react-native-reanimated:prepareReanimatedHeadersForPrefabs (Thread[included builds Thread 2,5,main]) started.

> Task :react-native-reanimated:prepareReanimatedHeadersForPrefabs UP-TO-DATE
Caching disabled for task ':react-native-reanimated:prepareReanimatedHeadersForPrefabs' because:
  Build cache is disabled
  Not worth caching
Skipping task ':react-native-reanimated:prepareReanimatedHeadersForPrefabs' as it is up-to-date.
Resolve mutations for :react-native-reanimated:preBuild (Thread[included builds Thread 2,5,main]) started.
:react-native-reanimated:preBuild (Thread[included builds Thread 2,5,main]) started.

> Task :react-native-reanimated:preBuild
Skipping task ':react-native-reanimated:preBuild' as it has no actions.
Resolve mutations for :react-native-safe-area-context:generateCodegenSchemaFromJavaScript (Thread[included builds Thread 2,5,main]) started.
:react-native-safe-area-context:generateCodegenSchemaFromJavaScript (Thread[included builds Thread 2,5,main]) started.

> Task :react-native-safe-area-context:generateCodegenSchemaFromJavaScript UP-TO-DATE
Caching disabled for task ':react-native-safe-area-context:generateCodegenSchemaFromJavaScript' because:
  Build cache is disabled
  Caching has not been enabled for the task
Skipping task ':react-native-safe-area-context:generateCodegenSchemaFromJavaScript' as it is up-to-date.
Resolve mutations for :react-native-safe-area-context:generateCodegenArtifactsFromSchema (Thread[included builds Thread 2,5,main]) started.
:react-native-safe-area-context:generateCodegenArtifactsFromSchema (Thread[included builds Thread 2,5,main]) started.

> Task :react-native-safe-area-context:generateCodegenArtifactsFromSchema UP-TO-DATE
Caching disabled for task ':react-native-safe-area-context:generateCodegenArtifactsFromSchema' because:
  Build cache is disabled
  Caching has not been enabled for the task
Skipping task ':react-native-safe-area-context:generateCodegenArtifactsFromSchema' as it is up-to-date.
Resolve mutations for :react-native-safe-area-context:preBuild (Thread[included builds Thread 2,5,main]) started.
:react-native-safe-area-context:preBuild (Thread[included builds Thread 2,5,main]) started.

> Task :react-native-safe-area-context:preBuild UP-TO-DATE
Skipping task ':react-native-safe-area-context:preBuild' as it has no actions.
Resolve mutations for :react-native-screens:generateCodegenSchemaFromJavaScript (Thread[included builds Thread 2,5,main]) started.
:react-native-screens:generateCodegenSchemaFromJavaScript (Thread[included builds Thread 2,5,main]) started.

> Task :react-native-screens:generateCodegenSchemaFromJavaScript UP-TO-DATE
Caching disabled for task ':react-native-screens:generateCodegenSchemaFromJavaScript' because:
  Build cache is disabled
  Caching has not been enabled for the task
Skipping task ':react-native-screens:generateCodegenSchemaFromJavaScript' as it is up-to-date.
Resolve mutations for :react-native-screens:generateCodegenArtifactsFromSchema (Thread[included builds Thread 2,5,main]) started.
:react-native-screens:generateCodegenArtifactsFromSchema (Thread[included builds Thread 2,5,main]) started.

> Task :react-native-screens:generateCodegenArtifactsFromSchema UP-TO-DATE
Caching disabled for task ':react-native-screens:generateCodegenArtifactsFromSchema' because:
  Build cache is disabled
  Caching has not been enabled for the task
Skipping task ':react-native-screens:generateCodegenArtifactsFromSchema' as it is up-to-date.
Resolve mutations for :react-native-screens:preBuild (Thread[included builds Thread 2,5,main]) started.
:react-native-screens:preBuild (Thread[included builds Thread 2,5,main]) started.

> Task :react-native-screens:preBuild UP-TO-DATE
Skipping task ':react-native-screens:preBuild' as it has no actions.
Resolve mutations for :react-native-video:preBuild (Thread[included builds Thread 2,5,main]) started.
:react-native-video:preBuild (Thread[included builds Thread 2,5,main]) started.

> Task :react-native-video:preBuild UP-TO-DATE
Skipping task ':react-native-video:preBuild' as it has no actions.
Resolve mutations for :react-native-worklets:assertMinimalReactNativeVersionTask (Thread[included builds Thread 2,5,main]) started.
:react-native-worklets:assertMinimalReactNativeVersionTask (Thread[included builds Thread 2,5,main]) started.

> Task :react-native-worklets:assertMinimalReactNativeVersionTask
Caching disabled for task ':react-native-worklets:assertMinimalReactNativeVersionTask' because:
  Build cache is disabled
Task ':react-native-worklets:assertMinimalReactNativeVersionTask' is not up-to-date because:
  Task has not declared any outputs despite executing actions.
Starting process 'command 'node''. Working directory: C:\Users\teemm\reacte_projets\EmpireCut\node_modules\react-native-worklets\android Command: node ./../scripts/validate-react-native-version.js 0.85.3
Successfully started process 'command 'node''
Resolve mutations for :react-native-worklets:assertNewArchitectureEnabledTask (Thread[included builds Thread 2,5,main]) started.
:react-native-worklets:assertNewArchitectureEnabledTask (Thread[included builds Thread 2,5,main]) started.

> Task :react-native-worklets:assertNewArchitectureEnabledTask SKIPPED
Skipping task ':react-native-worklets:assertNewArchitectureEnabledTask' as task onlyIf 'Task satisfies onlyIf closure' is false.
Resolve mutations for :react-native-worklets:generateCodegenSchemaFromJavaScript (Thread[included builds Thread 2,5,main]) started.
:react-native-worklets:generateCodegenSchemaFromJavaScript (Thread[included builds Thread 2,5,main]) started.

> Task :react-native-worklets:generateCodegenSchemaFromJavaScript UP-TO-DATE
Caching disabled for task ':react-native-worklets:generateCodegenSchemaFromJavaScript' because:
  Build cache is disabled
  Caching has not been enabled for the task
Skipping task ':react-native-worklets:generateCodegenSchemaFromJavaScript' as it is up-to-date.
Resolve mutations for :react-native-worklets:generateCodegenArtifactsFromSchema (Thread[included builds Thread 2,5,main]) started.
:react-native-worklets:generateCodegenArtifactsFromSchema (Thread[included builds Thread 2,5,main]) started.

> Task :react-native-worklets:generateCodegenArtifactsFromSchema UP-TO-DATE
Caching disabled for task ':react-native-worklets:generateCodegenArtifactsFromSchema' because:
  Build cache is disabled
  Caching has not been enabled for the task
Skipping task ':react-native-worklets:generateCodegenArtifactsFromSchema' as it is up-to-date.
Resolve mutations for :react-native-worklets:prepareWorkletsHeadersForPrefabs (Thread[included builds Thread 2,5,main]) started.
:react-native-worklets:prepareWorkletsHeadersForPrefabs (Thread[included builds Thread 2,5,main]) started.

> Task :react-native-worklets:prepareWorkletsHeadersForPrefabs UP-TO-DATE
Caching disabled for task ':react-native-worklets:prepareWorkletsHeadersForPrefabs' because:
  Build cache is disabled
  Not worth caching
Skipping task ':react-native-worklets:prepareWorkletsHeadersForPrefabs' as it is up-to-date.
Resolve mutations for :react-native-worklets:preBuild (Thread[included builds Thread 2,5,main]) started.
:react-native-worklets:preBuild (Thread[included builds Thread 2,5,main]) started.

> Task :react-native-worklets:preBuild
Skipping task ':react-native-worklets:preBuild' as it has no actions.
Resolve mutations for :app:preBuild (Thread[included builds Thread 2,5,main]) started.
:app:preBuild (Thread[included builds Thread 2,5,main]) started.

> Task :app:preBuild
Skipping task ':app:preBuild' as it has no actions.
Resolve mutations for :app:preReleaseBuild (Thread[included builds Thread 2,5,main]) started.
:app:preReleaseBuild (Thread[included builds Thread 2,5,main]) started.

> Task :app:preReleaseBuild
Skipping task ':app:preReleaseBuild' as it has no actions.
Resolve mutations for :react-native-reanimated:preReleaseBuild (Thread[included builds Thread 2,5,main]) started.
:react-native-reanimated:preReleaseBuild (Thread[included builds Thread 2,5,main]) started.

> Task :react-native-reanimated:preReleaseBuild
Skipping task ':react-native-reanimated:preReleaseBuild' as it has no actions.
Resolve mutations for :react-native-worklets:preReleaseBuild (Thread[included builds Thread 2,5,main]) started.
:react-native-worklets:preReleaseBuild (Thread[included builds Thread 2,5,main]) started.

> Task :react-native-worklets:preReleaseBuild
Skipping task ':react-native-worklets:preReleaseBuild' as it has no actions.
Resolve mutations for :react-native-worklets:configureCMakeRelWithDebInfo[arm64-v8a] (Thread[included builds Thread 2,5,main]) started.
:react-native-worklets:configureCMakeRelWithDebInfo[arm64-v8a] (Thread[included builds Thread 2,5,main]) started.

> Task :react-native-worklets:configureCMakeRelWithDebInfo[arm64-v8a]
Custom actions are attached to task ':react-native-worklets:configureCMakeRelWithDebInfo[arm64-v8a]'.
Caching disabled for task ':react-native-worklets:configureCMakeRelWithDebInfo[arm64-v8a]' because:
  Build cache is disabled
  Caching has been disabled for the task
Task ':react-native-worklets:configureCMakeRelWithDebInfo[arm64-v8a]' is not up-to-date because:
  Task.upToDateWhen is false.
C/C++: SDK Manager found the following installed packages: build-tools;34.0.0 build-tools;35.0.0 build-tools;35.0.1 build-tools;36.0.0 cmake;3.22.1 cmdline-tools;latest emulator extras;google;Android_Emulator_Hypervisor_Driver ndk;26.3.11579264 ndk;27.0.12077973 ndk;27.1.12297006 ndk;29.0.13113456 platform-tools platforms;android-31 platforms;android-32 platforms;android-33 platforms;android-34 platforms;android-35 platforms;android-36 sources;android-35 system-images;android-36;google_apis_playstore;x86_64
C/C++: C:\Users\teemm\reacte_projets\EmpireCut\node_modules\react-native-worklets\android\CMakeLists.txt release|arm64-v8a : Start JSON generation. Platform version: 24 min SDK version: arm64-v8a
C/C++: C:\Users\teemm\reacte_projets\EmpireCut\node_modules\react-native-worklets\android\CMakeLists.txt release|arm64-v8a : JSON 'C:\Users\teemm\reacte_projets\EmpireCut\node_modules\react-native-worklets\android\.cxx\RelWithDebInfo\5i462r42\arm64-v8a\android_gradle_build.json' was up-to-date
C/C++: C:\Users\teemm\reacte_projets\EmpireCut\node_modules\react-native-worklets\android\CMakeLists.txt release|arm64-v8a : JSON generation completed without problems
C/C++: C:\Users\teemm\reacte_projets\EmpireCut\node_modules\react-native-worklets\android\CMakeLists.txt release|arm64-v8a : Writing build model to C:\Users\teemm\reacte_projets\EmpireCut\node_modules\react-native-worklets\android\build\intermediates\cxx\RelWithDebInfo\5i462r42\logs\arm64-v8a\build_model.json
Resolve mutations for :react-native-worklets:buildCMakeRelWithDebInfo[arm64-v8a][worklets] (Thread[included builds Thread 2,5,main]) started.
:react-native-worklets:buildCMakeRelWithDebInfo[arm64-v8a][worklets] (Thread[included builds Thread 2,5,main]) started.

> Task :react-native-worklets:buildCMakeRelWithDebInfo[arm64-v8a][worklets]
Caching disabled for task ':react-native-worklets:buildCMakeRelWithDebInfo[arm64-v8a][worklets]' because:
  Build cache is disabled
  Caching has been disabled for the task
Task ':react-native-worklets:buildCMakeRelWithDebInfo[arm64-v8a][worklets]' is not up-to-date because:
  Task.upToDateWhen is false.
C/C++: starting build
C/C++: reading expected JSONs
C/C++: done reading expected JSONs
C/C++: executing build commands for targets: 'worklets'
C/C++: evaluate miniconfig
C/C++: evaluate library worklets (arm64-v8a)
C/C++: about to build targets worklets
C/C++: Build worklets
C/C++: @echo off
"C:\\Users\\teemm\\AppData\\Local\\Android\\Sdk\\cmake\\3.22.1\\bin\\ninja.exe" ^
  -C ^
  "C:\\Users\\teemm\\reacte_projets\\EmpireCut\\node_modules\\react-native-worklets\\android\\.cxx\\RelWithDebInfo\\5i462r42\\arm64-v8a" ^
  worklets

Starting process 'command 'C:\Users\teemm\AppData\Local\Android\Sdk\cmake\3.22.1\bin\ninja.exe''. Working directory: C:\Users\teemm\reacte_projets\EmpireCut\node_modules\react-native-worklets\android Command: C:\Users\teemm\AppData\Local\Android\Sdk\cmake\3.22.1\bin\ninja.exe -C C:\Users\teemm\reacte_projets\EmpireCut\node_modules\react-native-worklets\android\.cxx\RelWithDebInfo\5i462r42\arm64-v8a worklets
Successfully started process 'command 'C:\Users\teemm\AppData\Local\Android\Sdk\cmake\3.22.1\bin\ninja.exe''
C/C++: Received process result: 0
C/C++: check expected build outputs
C/C++: build complete
Resolve mutations for :react-native-worklets:configureCMakeRelWithDebInfo[armeabi-v7a] (Thread[included builds Thread 2,5,main]) started.
:react-native-worklets:configureCMakeRelWithDebInfo[armeabi-v7a] (Thread[included builds Thread 2,5,main]) started.

> Task :react-native-worklets:configureCMakeRelWithDebInfo[armeabi-v7a]
Custom actions are attached to task ':react-native-worklets:configureCMakeRelWithDebInfo[armeabi-v7a]'.
Caching disabled for task ':react-native-worklets:configureCMakeRelWithDebInfo[armeabi-v7a]' because:
  Build cache is disabled
  Caching has been disabled for the task
Task ':react-native-worklets:configureCMakeRelWithDebInfo[armeabi-v7a]' is not up-to-date because:
  Task.upToDateWhen is false.
C/C++: C:\Users\teemm\reacte_projets\EmpireCut\node_modules\react-native-worklets\android\CMakeLists.txt release|armeabi-v7a : Start JSON generation. Platform version: 24 min SDK version: armeabi-v7a
C/C++: C:\Users\teemm\reacte_projets\EmpireCut\node_modules\react-native-worklets\android\CMakeLists.txt release|armeabi-v7a : JSON 'C:\Users\teemm\reacte_projets\EmpireCut\node_modules\react-native-worklets\android\.cxx\RelWithDebInfo\5i462r42\armeabi-v7a\android_gradle_build.json' was up-to-date
C/C++: C:\Users\teemm\reacte_projets\EmpireCut\node_modules\react-native-worklets\android\CMakeLists.txt release|armeabi-v7a : JSON generation completed without problems
C/C++: C:\Users\teemm\reacte_projets\EmpireCut\node_modules\react-native-worklets\android\CMakeLists.txt release|armeabi-v7a : Writing build model to C:\Users\teemm\reacte_projets\EmpireCut\node_modules\react-native-worklets\android\build\intermediates\cxx\RelWithDebInfo\5i462r42\logs\armeabi-v7a\build_model.json
Resolve mutations for :react-native-worklets:buildCMakeRelWithDebInfo[armeabi-v7a][worklets] (Thread[included builds Thread 2,5,main]) started.
:react-native-worklets:buildCMakeRelWithDebInfo[armeabi-v7a][worklets] (Thread[included builds Thread 2,5,main]) started.

> Task :react-native-worklets:buildCMakeRelWithDebInfo[armeabi-v7a][worklets]
Caching disabled for task ':react-native-worklets:buildCMakeRelWithDebInfo[armeabi-v7a][worklets]' because:
  Build cache is disabled
  Caching has been disabled for the task
Task ':react-native-worklets:buildCMakeRelWithDebInfo[armeabi-v7a][worklets]' is not up-to-date because:
  Task.upToDateWhen is false.
C/C++: starting build
C/C++: reading expected JSONs
C/C++: done reading expected JSONs
C/C++: executing build commands for targets: 'worklets'
C/C++: evaluate miniconfig
C/C++: evaluate library worklets (armeabi-v7a)
C/C++: about to build targets worklets
C/C++: Build worklets
C/C++: @echo off
"C:\\Users\\teemm\\AppData\\Local\\Android\\Sdk\\cmake\\3.22.1\\bin\\ninja.exe" ^
  -C ^
  "C:\\Users\\teemm\\reacte_projets\\EmpireCut\\node_modules\\react-native-worklets\\android\\.cxx\\RelWithDebInfo\\5i462r42\\armeabi-v7a" ^
  worklets

Starting process 'command 'C:\Users\teemm\AppData\Local\Android\Sdk\cmake\3.22.1\bin\ninja.exe''. Working directory: C:\Users\teemm\reacte_projets\EmpireCut\node_modules\react-native-worklets\android Command: C:\Users\teemm\AppData\Local\Android\Sdk\cmake\3.22.1\bin\ninja.exe -C C:\Users\teemm\reacte_projets\EmpireCut\node_modules\react-native-worklets\android\.cxx\RelWithDebInfo\5i462r42\armeabi-v7a worklets
Successfully started process 'command 'C:\Users\teemm\AppData\Local\Android\Sdk\cmake\3.22.1\bin\ninja.exe''
C/C++: Received process result: 0
C/C++: check expected build outputs
C/C++: build complete
Resolve mutations for :react-native-worklets:configureCMakeRelWithDebInfo[x86] (Thread[included builds Thread 2,5,main]) started.
:react-native-worklets:configureCMakeRelWithDebInfo[x86] (Thread[included builds Thread 2,5,main]) started.

> Task :react-native-worklets:configureCMakeRelWithDebInfo[x86]
Custom actions are attached to task ':react-native-worklets:configureCMakeRelWithDebInfo[x86]'.
Caching disabled for task ':react-native-worklets:configureCMakeRelWithDebInfo[x86]' because:
  Build cache is disabled
  Caching has been disabled for the task
Task ':react-native-worklets:configureCMakeRelWithDebInfo[x86]' is not up-to-date because:
  Task.upToDateWhen is false.
C/C++: C:\Users\teemm\reacte_projets\EmpireCut\node_modules\react-native-worklets\android\CMakeLists.txt release|x86 : Start JSON generation. Platform version: 24 min SDK version: x86
C/C++: C:\Users\teemm\reacte_projets\EmpireCut\node_modules\react-native-worklets\android\CMakeLists.txt release|x86 : JSON 'C:\Users\teemm\reacte_projets\EmpireCut\node_modules\react-native-worklets\android\.cxx\RelWithDebInfo\5i462r42\x86\android_gradle_build.json' was up-to-date
C/C++: C:\Users\teemm\reacte_projets\EmpireCut\node_modules\react-native-worklets\android\CMakeLists.txt release|x86 : JSON generation completed without problems
C/C++: C:\Users\teemm\reacte_projets\EmpireCut\node_modules\react-native-worklets\android\CMakeLists.txt release|x86 : Writing build model to C:\Users\teemm\reacte_projets\EmpireCut\node_modules\react-native-worklets\android\build\intermediates\cxx\RelWithDebInfo\5i462r42\logs\x86\build_model.json
Resolve mutations for :react-native-worklets:buildCMakeRelWithDebInfo[x86][worklets] (Thread[included builds Thread 2,5,main]) started.
:react-native-worklets:buildCMakeRelWithDebInfo[x86][worklets] (Thread[included builds Thread 2,5,main]) started.

> Task :react-native-worklets:buildCMakeRelWithDebInfo[x86][worklets]
Caching disabled for task ':react-native-worklets:buildCMakeRelWithDebInfo[x86][worklets]' because:
  Build cache is disabled
  Caching has been disabled for the task
Task ':react-native-worklets:buildCMakeRelWithDebInfo[x86][worklets]' is not up-to-date because:
  Task.upToDateWhen is false.
C/C++: starting build
C/C++: reading expected JSONs
C/C++: done reading expected JSONs
C/C++: executing build commands for targets: 'worklets'
C/C++: evaluate miniconfig
C/C++: evaluate library worklets (x86)
C/C++: about to build targets worklets
C/C++: Build worklets
C/C++: @echo off
"C:\\Users\\teemm\\AppData\\Local\\Android\\Sdk\\cmake\\3.22.1\\bin\\ninja.exe" ^
  -C ^
  "C:\\Users\\teemm\\reacte_projets\\EmpireCut\\node_modules\\react-native-worklets\\android\\.cxx\\RelWithDebInfo\\5i462r42\\x86" ^
  worklets

Starting process 'command 'C:\Users\teemm\AppData\Local\Android\Sdk\cmake\3.22.1\bin\ninja.exe''. Working directory: C:\Users\teemm\reacte_projets\EmpireCut\node_modules\react-native-worklets\android Command: C:\Users\teemm\AppData\Local\Android\Sdk\cmake\3.22.1\bin\ninja.exe -C C:\Users\teemm\reacte_projets\EmpireCut\node_modules\react-native-worklets\android\.cxx\RelWithDebInfo\5i462r42\x86 worklets
Successfully started process 'command 'C:\Users\teemm\AppData\Local\Android\Sdk\cmake\3.22.1\bin\ninja.exe''
C/C++: Received process result: 0
C/C++: check expected build outputs
C/C++: build complete
Resolve mutations for :react-native-worklets:configureCMakeRelWithDebInfo[x86_64] (Thread[included builds Thread 2,5,main]) started.
:react-native-worklets:configureCMakeRelWithDebInfo[x86_64] (Thread[included builds Thread 2,5,main]) started.

> Task :react-native-worklets:configureCMakeRelWithDebInfo[x86_64]
Custom actions are attached to task ':react-native-worklets:configureCMakeRelWithDebInfo[x86_64]'.
Caching disabled for task ':react-native-worklets:configureCMakeRelWithDebInfo[x86_64]' because:
  Build cache is disabled
  Caching has been disabled for the task
Task ':react-native-worklets:configureCMakeRelWithDebInfo[x86_64]' is not up-to-date because:
  Task.upToDateWhen is false.
C/C++: C:\Users\teemm\reacte_projets\EmpireCut\node_modules\react-native-worklets\android\CMakeLists.txt release|x86_64 : Start JSON generation. Platform version: 24 min SDK version: x86_64
C/C++: C:\Users\teemm\reacte_projets\EmpireCut\node_modules\react-native-worklets\android\CMakeLists.txt release|x86_64 : JSON 'C:\Users\teemm\reacte_projets\EmpireCut\node_modules\react-native-worklets\android\.cxx\RelWithDebInfo\5i462r42\x86_64\android_gradle_build.json' was up-to-date
C/C++: C:\Users\teemm\reacte_projets\EmpireCut\node_modules\react-native-worklets\android\CMakeLists.txt release|x86_64 : JSON generation completed without problems
C/C++: C:\Users\teemm\reacte_projets\EmpireCut\node_modules\react-native-worklets\android\CMakeLists.txt release|x86_64 : Writing build model to C:\Users\teemm\reacte_projets\EmpireCut\node_modules\react-native-worklets\android\build\intermediates\cxx\RelWithDebInfo\5i462r42\logs\x86_64\build_model.json
Resolve mutations for :react-native-worklets:buildCMakeRelWithDebInfo[x86_64][worklets] (Thread[included builds Thread 2,5,main]) started.
:react-native-worklets:buildCMakeRelWithDebInfo[x86_64][worklets] (Thread[included builds Thread 2,5,main]) started.

> Task :react-native-worklets:buildCMakeRelWithDebInfo[x86_64][worklets]
Caching disabled for task ':react-native-worklets:buildCMakeRelWithDebInfo[x86_64][worklets]' because:
  Build cache is disabled
  Caching has been disabled for the task
Task ':react-native-worklets:buildCMakeRelWithDebInfo[x86_64][worklets]' is not up-to-date because:
  Task.upToDateWhen is false.
C/C++: starting build
C/C++: reading expected JSONs
C/C++: done reading expected JSONs
C/C++: executing build commands for targets: 'worklets'
C/C++: evaluate miniconfig
C/C++: evaluate library worklets (x86_64)
C/C++: about to build targets worklets
C/C++: Build worklets
C/C++: @echo off
"C:\\Users\\teemm\\AppData\\Local\\Android\\Sdk\\cmake\\3.22.1\\bin\\ninja.exe" ^
  -C ^
  "C:\\Users\\teemm\\reacte_projets\\EmpireCut\\node_modules\\react-native-worklets\\android\\.cxx\\RelWithDebInfo\\5i462r42\\x86_64" ^
  worklets

Starting process 'command 'C:\Users\teemm\AppData\Local\Android\Sdk\cmake\3.22.1\bin\ninja.exe''. Working directory: C:\Users\teemm\reacte_projets\EmpireCut\node_modules\react-native-worklets\android Command: C:\Users\teemm\AppData\Local\Android\Sdk\cmake\3.22.1\bin\ninja.exe -C C:\Users\teemm\reacte_projets\EmpireCut\node_modules\react-native-worklets\android\.cxx\RelWithDebInfo\5i462r42\x86_64 worklets
Successfully started process 'command 'C:\Users\teemm\AppData\Local\Android\Sdk\cmake\3.22.1\bin\ninja.exe''
C/C++: Received process result: 0
C/C++: check expected build outputs
C/C++: build complete
Resolve mutations for :react-native-worklets:externalNativeBuildRelease (Thread[included builds Thread 2,5,main]) started.
:react-native-worklets:externalNativeBuildRelease (Thread[included builds Thread 2,5,main]) started.

> Task :react-native-worklets:externalNativeBuildRelease
Caching disabled for task ':react-native-worklets:externalNativeBuildRelease' because:
  Build cache is disabled
  Caching has been disabled for the task
Task ':react-native-worklets:externalNativeBuildRelease' is not up-to-date because:
  Task.upToDateWhen is false.
C/C++: link or copy build outputs to republish point
Resolve mutations for :react-native-worklets:generateJsonModelRelease (Thread[included builds Thread 2,5,main]) started.
:react-native-worklets:generateJsonModelRelease (Thread[included builds Thread 2,5,main]) started.

> Task :react-native-worklets:generateJsonModelRelease
Skipping task ':react-native-worklets:generateJsonModelRelease' as it has no actions.
Resolve mutations for :react-native-worklets:prefabReleaseConfigurePackage (Thread[included builds Thread 2,5,main]) started.
:react-native-worklets:prefabReleaseConfigurePackage (Thread[included builds Thread 2,5,main]) started.

> Task :react-native-worklets:prefabReleaseConfigurePackage
Caching disabled for task ':react-native-worklets:prefabReleaseConfigurePackage' because:
  Build cache is disabled
  Caching has been disabled for the task
Task ':react-native-worklets:prefabReleaseConfigurePackage' is not up-to-date because:
  Task.upToDateWhen is false.
work action resolve prefab_publication.json (project :react-native-worklets) (Thread[included builds Thread 2,5,main]) started.
Resolve mutations for :react-native-reanimated:configureCMakeRelWithDebInfo[arm64-v8a] (Thread[included builds Thread 2,5,main]) started.
:react-native-reanimated:configureCMakeRelWithDebInfo[arm64-v8a] (Thread[included builds Thread 2,5,main]) started.

> Task :react-native-reanimated:configureCMakeRelWithDebInfo[arm64-v8a]
Custom actions are attached to task ':react-native-reanimated:configureCMakeRelWithDebInfo[arm64-v8a]'.
Caching disabled for task ':react-native-reanimated:configureCMakeRelWithDebInfo[arm64-v8a]' because:
  Build cache is disabled
  Caching has been disabled for the task
Task ':react-native-reanimated:configureCMakeRelWithDebInfo[arm64-v8a]' is not up-to-date because:
  Task.upToDateWhen is false.
C/C++: C:\Users\teemm\reacte_projets\EmpireCut\node_modules\react-native-reanimated\android\CMakeLists.txt release|arm64-v8a : Start JSON generation. Platform version: 24 min SDK version: arm64-v8a
C/C++: C:\Users\teemm\reacte_projets\EmpireCut\node_modules\react-native-reanimated\android\CMakeLists.txt release|arm64-v8a : JSON 'C:\Users\teemm\reacte_projets\EmpireCut\node_modules\react-native-reanimated\android\.cxx\RelWithDebInfo\505p4173\arm64-v8a\android_gradle_build.json' was up-to-date
C/C++: C:\Users\teemm\reacte_projets\EmpireCut\node_modules\react-native-reanimated\android\CMakeLists.txt release|arm64-v8a : JSON generation completed without problems
C/C++: C:\Users\teemm\reacte_projets\EmpireCut\node_modules\react-native-reanimated\android\CMakeLists.txt release|arm64-v8a : Writing build model to C:\Users\teemm\reacte_projets\EmpireCut\node_modules\react-native-reanimated\android\build\intermediates\cxx\RelWithDebInfo\505p4173\logs\arm64-v8a\build_model.json
Resolve mutations for :react-native-reanimated:configureCMakeRelWithDebInfo[armeabi-v7a] (Thread[included builds Thread 2,5,main]) started.
:react-native-reanimated:configureCMakeRelWithDebInfo[armeabi-v7a] (Thread[included builds Thread 2,5,main]) started.

> Task :react-native-reanimated:configureCMakeRelWithDebInfo[armeabi-v7a]
Custom actions are attached to task ':react-native-reanimated:configureCMakeRelWithDebInfo[armeabi-v7a]'.
Caching disabled for task ':react-native-reanimated:configureCMakeRelWithDebInfo[armeabi-v7a]' because:
  Build cache is disabled
  Caching has been disabled for the task
Task ':react-native-reanimated:configureCMakeRelWithDebInfo[armeabi-v7a]' is not up-to-date because:
  Task.upToDateWhen is false.
C/C++: C:\Users\teemm\reacte_projets\EmpireCut\node_modules\react-native-reanimated\android\CMakeLists.txt release|armeabi-v7a : Start JSON generation. Platform version: 24 min SDK version: armeabi-v7a
C/C++: C:\Users\teemm\reacte_projets\EmpireCut\node_modules\react-native-reanimated\android\CMakeLists.txt release|armeabi-v7a : JSON 'C:\Users\teemm\reacte_projets\EmpireCut\node_modules\react-native-reanimated\android\.cxx\RelWithDebInfo\505p4173\armeabi-v7a\android_gradle_build.json' was up-to-date
C/C++: C:\Users\teemm\reacte_projets\EmpireCut\node_modules\react-native-reanimated\android\CMakeLists.txt release|armeabi-v7a : JSON generation completed without problems
C/C++: C:\Users\teemm\reacte_projets\EmpireCut\node_modules\react-native-reanimated\android\CMakeLists.txt release|armeabi-v7a : Writing build model to C:\Users\teemm\reacte_projets\EmpireCut\node_modules\react-native-reanimated\android\build\intermediates\cxx\RelWithDebInfo\505p4173\logs\armeabi-v7a\build_model.json
Resolve mutations for :react-native-reanimated:configureCMakeRelWithDebInfo[x86] (Thread[included builds Thread 2,5,main]) started.
:react-native-reanimated:configureCMakeRelWithDebInfo[x86] (Thread[included builds Thread 2,5,main]) started.

> Task :react-native-reanimated:configureCMakeRelWithDebInfo[x86]
Custom actions are attached to task ':react-native-reanimated:configureCMakeRelWithDebInfo[x86]'.
Caching disabled for task ':react-native-reanimated:configureCMakeRelWithDebInfo[x86]' because:
  Build cache is disabled
  Caching has been disabled for the task
Task ':react-native-reanimated:configureCMakeRelWithDebInfo[x86]' is not up-to-date because:
  Task.upToDateWhen is false.
C/C++: C:\Users\teemm\reacte_projets\EmpireCut\node_modules\react-native-reanimated\android\CMakeLists.txt release|x86 : Start JSON generation. Platform version: 24 min SDK version: x86
C/C++: C:\Users\teemm\reacte_projets\EmpireCut\node_modules\react-native-reanimated\android\CMakeLists.txt release|x86 : JSON 'C:\Users\teemm\reacte_projets\EmpireCut\node_modules\react-native-reanimated\android\.cxx\RelWithDebInfo\505p4173\x86\android_gradle_build.json' was up-to-date
C/C++: C:\Users\teemm\reacte_projets\EmpireCut\node_modules\react-native-reanimated\android\CMakeLists.txt release|x86 : JSON generation completed without problems
C/C++: C:\Users\teemm\reacte_projets\EmpireCut\node_modules\react-native-reanimated\android\CMakeLists.txt release|x86 : Writing build model to C:\Users\teemm\reacte_projets\EmpireCut\node_modules\react-native-reanimated\android\build\intermediates\cxx\RelWithDebInfo\505p4173\logs\x86\build_model.json
Resolve mutations for :react-native-reanimated:configureCMakeRelWithDebInfo[x86_64] (Thread[included builds Thread 2,5,main]) started.
:react-native-reanimated:configureCMakeRelWithDebInfo[x86_64] (Thread[included builds Thread 2,5,main]) started.

> Task :react-native-reanimated:configureCMakeRelWithDebInfo[x86_64]
Custom actions are attached to task ':react-native-reanimated:configureCMakeRelWithDebInfo[x86_64]'.
Caching disabled for task ':react-native-reanimated:configureCMakeRelWithDebInfo[x86_64]' because:
  Build cache is disabled
  Caching has been disabled for the task
Task ':react-native-reanimated:configureCMakeRelWithDebInfo[x86_64]' is not up-to-date because:
  Task.upToDateWhen is false.
C/C++: C:\Users\teemm\reacte_projets\EmpireCut\node_modules\react-native-reanimated\android\CMakeLists.txt release|x86_64 : Start JSON generation. Platform version: 24 min SDK version: x86_64
C/C++: C:\Users\teemm\reacte_projets\EmpireCut\node_modules\react-native-reanimated\android\CMakeLists.txt release|x86_64 : JSON 'C:\Users\teemm\reacte_projets\EmpireCut\node_modules\react-native-reanimated\android\.cxx\RelWithDebInfo\505p4173\x86_64\android_gradle_build.json' was up-to-date
C/C++: C:\Users\teemm\reacte_projets\EmpireCut\node_modules\react-native-reanimated\android\CMakeLists.txt release|x86_64 : JSON generation completed without problems
C/C++: C:\Users\teemm\reacte_projets\EmpireCut\node_modules\react-native-reanimated\android\CMakeLists.txt release|x86_64 : Writing build model to C:\Users\teemm\reacte_projets\EmpireCut\node_modules\react-native-reanimated\android\build\intermediates\cxx\RelWithDebInfo\505p4173\logs\x86_64\build_model.json
Resolve mutations for :react-native-reanimated:generateJsonModelRelease (Thread[included builds Thread 2,5,main]) started.
:react-native-reanimated:generateJsonModelRelease (Thread[included builds Thread 2,5,main]) started.

> Task :react-native-reanimated:generateJsonModelRelease
Skipping task ':react-native-reanimated:generateJsonModelRelease' as it has no actions.
Resolve mutations for :react-native-reanimated:prefabReleaseConfigurePackage (Thread[included builds Thread 2,5,main]) started.
:react-native-reanimated:prefabReleaseConfigurePackage (Thread[included builds Thread 2,5,main]) started.

> Task :react-native-reanimated:prefabReleaseConfigurePackage UP-TO-DATE
Caching disabled for task ':react-native-reanimated:prefabReleaseConfigurePackage' because:
  Build cache is disabled
  Caching has been disabled for the task
Skipping task ':react-native-reanimated:prefabReleaseConfigurePackage' as it is up-to-date.
work action resolve prefab_publication.json (project :react-native-reanimated) (Thread[included builds Thread 2,5,main]) started.
Resolve mutations for :app:configureCMakeRelWithDebInfo[arm64-v8a] (Thread[included builds Thread 2,5,main]) started.
:app:configureCMakeRelWithDebInfo[arm64-v8a] (Thread[included builds Thread 2,5,main]) started.

> Task :app:configureCMakeRelWithDebInfo[arm64-v8a]
Caching disabled for task ':app:configureCMakeRelWithDebInfo[arm64-v8a]' because:
  Build cache is disabled
  Caching has been disabled for the task
Task ':app:configureCMakeRelWithDebInfo[arm64-v8a]' is not up-to-date because:
  Task.upToDateWhen is false.
C/C++: C:\Users\teemm\reacte_projets\EmpireCut\node_modules\react-native\ReactAndroid\cmake-utils\default-app-setup\CMakeLists.txt release|arm64-v8a : Start JSON generation. Platform version: 24 min SDK version: arm64-v8a
C/C++: C:\Users\teemm\reacte_projets\EmpireCut\node_modules\react-native\ReactAndroid\cmake-utils\default-app-setup\CMakeLists.txt release|arm64-v8a : JSON 'C:\Users\teemm\reacte_projets\EmpireCut\android\app\.cxx\RelWithDebInfo\1n3t6u49\arm64-v8a\android_gradle_build.json' was up-to-date
C/C++: C:\Users\teemm\reacte_projets\EmpireCut\node_modules\react-native\ReactAndroid\cmake-utils\default-app-setup\CMakeLists.txt release|arm64-v8a : JSON generation completed without problems
C/C++: C:\Users\teemm\reacte_projets\EmpireCut\node_modules\react-native\ReactAndroid\cmake-utils\default-app-setup\CMakeLists.txt release|arm64-v8a : Writing build model to C:\Users\teemm\reacte_projets\EmpireCut\android\app\build\intermediates\cxx\RelWithDebInfo\1n3t6u49\logs\arm64-v8a\build_model.json
Resolve mutations for :react-native-worklets:prefabReleasePackage (Thread[included builds Thread 2,5,main]) started.
:react-native-worklets:prefabReleasePackage (Thread[included builds Thread 2,5,main]) started.

> Task :react-native-worklets:prefabReleasePackage UP-TO-DATE
Caching disabled for task ':react-native-worklets:prefabReleasePackage' because:
  Build cache is disabled
  Caching has been disabled for the task
Skipping task ':react-native-worklets:prefabReleasePackage' as it is up-to-date.
work action resolve prefab (project :react-native-worklets) (Thread[included builds Thread 2,5,main]) started.
Resolve mutations for :react-native-reanimated:buildCMakeRelWithDebInfo[arm64-v8a][reanimated] (Thread[included builds Thread 2,5,main]) started.
:react-native-reanimated:buildCMakeRelWithDebInfo[arm64-v8a][reanimated] (Thread[included builds Thread 2,5,main]) started.

> Task :react-native-reanimated:buildCMakeRelWithDebInfo[arm64-v8a][reanimated]
Caching disabled for task ':react-native-reanimated:buildCMakeRelWithDebInfo[arm64-v8a][reanimated]' because:
  Build cache is disabled
  Caching has been disabled for the task
Task ':react-native-reanimated:buildCMakeRelWithDebInfo[arm64-v8a][reanimated]' is not up-to-date because:
  Task.upToDateWhen is false.
C/C++: starting build
C/C++: reading expected JSONs
C/C++: done reading expected JSONs
C/C++: executing build commands for targets: 'reanimated'
C/C++: evaluate miniconfig
C/C++: evaluate library reanimated (arm64-v8a)
C/C++: about to build targets reanimated
C/C++: Build reanimated
C/C++: @echo off
"C:\\Users\\teemm\\AppData\\Local\\Android\\Sdk\\cmake\\3.22.1\\bin\\ninja.exe" ^
  -C ^
  "C:\\Users\\teemm\\reacte_projets\\EmpireCut\\node_modules\\react-native-reanimated\\android\\.cxx\\RelWithDebInfo\\505p4173\\arm64-v8a" ^
  reanimated

Starting process 'command 'C:\Users\teemm\AppData\Local\Android\Sdk\cmake\3.22.1\bin\ninja.exe''. Working directory: C:\Users\teemm\reacte_projets\EmpireCut\node_modules\react-native-reanimated\android Command: C:\Users\teemm\AppData\Local\Android\Sdk\cmake\3.22.1\bin\ninja.exe -C C:\Users\teemm\reacte_projets\EmpireCut\node_modules\react-native-reanimated\android\.cxx\RelWithDebInfo\505p4173\arm64-v8a reanimated
Successfully started process 'command 'C:\Users\teemm\AppData\Local\Android\Sdk\cmake\3.22.1\bin\ninja.exe''
C/C++: Received process result: 0
C/C++: check expected build outputs
C/C++: build complete
Resolve mutations for :react-native-reanimated:buildCMakeRelWithDebInfo[armeabi-v7a][reanimated] (Thread[included builds Thread 2,5,main]) started.
:react-native-reanimated:buildCMakeRelWithDebInfo[armeabi-v7a][reanimated] (Thread[included builds Thread 2,5,main]) started.

> Task :react-native-reanimated:buildCMakeRelWithDebInfo[armeabi-v7a][reanimated]
Deleting stale output file: C:\Users\teemm\reacte_projets\EmpireCut\node_modules\react-native-reanimated\android\build\intermediates\cxx\RelWithDebInfo\505p4173\obj\armeabi-v7a
Caching disabled for task ':react-native-reanimated:buildCMakeRelWithDebInfo[armeabi-v7a][reanimated]' because:
  Build cache is disabled
  Caching has been disabled for the task
Task ':react-native-reanimated:buildCMakeRelWithDebInfo[armeabi-v7a][reanimated]' is not up-to-date because:
  Task.upToDateWhen is false.
C/C++: starting build
C/C++: reading expected JSONs
C/C++: done reading expected JSONs
C/C++: executing build commands for targets: 'reanimated'
C/C++: evaluate miniconfig
C/C++: evaluate library reanimated (armeabi-v7a)
C/C++: about to build targets reanimated
C/C++: Build reanimated
C/C++: @echo off
"C:\\Users\\teemm\\AppData\\Local\\Android\\Sdk\\cmake\\3.22.1\\bin\\ninja.exe" ^
  -C ^
  "C:\\Users\\teemm\\reacte_projets\\EmpireCut\\node_modules\\react-native-reanimated\\android\\.cxx\\RelWithDebInfo\\505p4173\\armeabi-v7a" ^
  reanimated

Starting process 'command 'C:\Users\teemm\AppData\Local\Android\Sdk\cmake\3.22.1\bin\ninja.exe''. Working directory: C:\Users\teemm\reacte_projets\EmpireCut\node_modules\react-native-reanimated\android Command: C:\Users\teemm\AppData\Local\Android\Sdk\cmake\3.22.1\bin\ninja.exe -C C:\Users\teemm\reacte_projets\EmpireCut\node_modules\react-native-reanimated\android\.cxx\RelWithDebInfo\505p4173\armeabi-v7a reanimated
Successfully started process 'command 'C:\Users\teemm\AppData\Local\Android\Sdk\cmake\3.22.1\bin\ninja.exe''
C/C++: Received process result: 0
C/C++: check expected build outputs
C/C++: hard linked C:\Users\teemm\.gradle\caches\9.3.1\transforms\1a811400cc0489cd26373fbd36604dfc\workspace\transformed\react-android-0.85.3-release\prefab\modules\reactnative\libs\android.armeabi-v7a\libreactnative.so to C:\Users\teemm\reacte_projets\EmpireCut\node_modules\react-native-reanimated\android\build\intermediates\cxx\RelWithDebInfo\505p4173\obj\armeabi-v7a\libreactnative.so
C/C++: hard linked C:\Users\teemm\.gradle\caches\9.3.1\transforms\1a811400cc0489cd26373fbd36604dfc\workspace\transformed\react-android-0.85.3-release\prefab\modules\jsi\libs\android.armeabi-v7a\libjsi.so to C:\Users\teemm\reacte_projets\EmpireCut\node_modules\react-native-reanimated\android\build\intermediates\cxx\RelWithDebInfo\505p4173\obj\armeabi-v7a\libjsi.so
C/C++: hard linked C:\Users\teemm\.gradle\caches\9.3.1\transforms\3c01aea05d2737e987399f1309ae090e\workspace\transformed\fbjni-0.7.0\prefab\modules\fbjni\libs\android.armeabi-v7a\libfbjni.so to C:\Users\teemm\reacte_projets\EmpireCut\node_modules\react-native-reanimated\android\build\intermediates\cxx\RelWithDebInfo\505p4173\obj\armeabi-v7a\libfbjni.so
C/C++: hard linked C:\Users\teemm\reacte_projets\EmpireCut\node_modules\react-native-worklets\android\build\intermediates\cxx\RelWithDebInfo\5i462r42\obj\armeabi-v7a\libworklets.so to C:\Users\teemm\reacte_projets\EmpireCut\node_modules\react-native-reanimated\android\build\intermediates\cxx\RelWithDebInfo\505p4173\obj\armeabi-v7a\libworklets.so
C/C++: hard linked C:\Users\teemm\AppData\Local\Android\Sdk\ndk\27.1.12297006\toolchains\llvm\prebuilt\windows-x86_64\sysroot\usr\lib\arm-linux-androideabi\libc++_shared.so to C:\Users\teemm\reacte_projets\EmpireCut\node_modules\react-native-reanimated\android\build\intermediates\cxx\RelWithDebInfo\505p4173\obj\armeabi-v7a\libc++_shared.so
C/C++: build complete
Resolve mutations for :react-native-reanimated:buildCMakeRelWithDebInfo[x86][reanimated] (Thread[included builds Thread 2,5,main]) started.
:react-native-reanimated:buildCMakeRelWithDebInfo[x86][reanimated] (Thread[included builds Thread 2,5,main]) started.

> Task :react-native-reanimated:buildCMakeRelWithDebInfo[x86][reanimated]
Deleting stale output file: C:\Users\teemm\reacte_projets\EmpireCut\node_modules\react-native-reanimated\android\build\intermediates\cxx\RelWithDebInfo\505p4173\obj\x86
Caching disabled for task ':react-native-reanimated:buildCMakeRelWithDebInfo[x86][reanimated]' because:
  Build cache is disabled
  Caching has been disabled for the task
Task ':react-native-reanimated:buildCMakeRelWithDebInfo[x86][reanimated]' is not up-to-date because:
  Task.upToDateWhen is false.
C/C++: starting build
C/C++: reading expected JSONs
C/C++: done reading expected JSONs
C/C++: executing build commands for targets: 'reanimated'
C/C++: evaluate miniconfig
C/C++: evaluate library reanimated (x86)
C/C++: about to build targets reanimated
C/C++: Build reanimated
C/C++: @echo off
"C:\\Users\\teemm\\AppData\\Local\\Android\\Sdk\\cmake\\3.22.1\\bin\\ninja.exe" ^
  -C ^
  "C:\\Users\\teemm\\reacte_projets\\EmpireCut\\node_modules\\react-native-reanimated\\android\\.cxx\\RelWithDebInfo\\505p4173\\x86" ^
  reanimated

Starting process 'command 'C:\Users\teemm\AppData\Local\Android\Sdk\cmake\3.22.1\bin\ninja.exe''. Working directory: C:\Users\teemm\reacte_projets\EmpireCut\node_modules\react-native-reanimated\android Command: C:\Users\teemm\AppData\Local\Android\Sdk\cmake\3.22.1\bin\ninja.exe -C C:\Users\teemm\reacte_projets\EmpireCut\node_modules\react-native-reanimated\android\.cxx\RelWithDebInfo\505p4173\x86 reanimated
Successfully started process 'command 'C:\Users\teemm\AppData\Local\Android\Sdk\cmake\3.22.1\bin\ninja.exe''
C/C++: Received process result: 0
C/C++: check expected build outputs
C/C++: hard linked C:\Users\teemm\.gradle\caches\9.3.1\transforms\1a811400cc0489cd26373fbd36604dfc\workspace\transformed\react-android-0.85.3-release\prefab\modules\reactnative\libs\android.x86\libreactnative.so to C:\Users\teemm\reacte_projets\EmpireCut\node_modules\react-native-reanimated\android\build\intermediates\cxx\RelWithDebInfo\505p4173\obj\x86\libreactnative.so
C/C++: hard linked C:\Users\teemm\.gradle\caches\9.3.1\transforms\1a811400cc0489cd26373fbd36604dfc\workspace\transformed\react-android-0.85.3-release\prefab\modules\jsi\libs\android.x86\libjsi.so to C:\Users\teemm\reacte_projets\EmpireCut\node_modules\react-native-reanimated\android\build\intermediates\cxx\RelWithDebInfo\505p4173\obj\x86\libjsi.so
C/C++: hard linked C:\Users\teemm\.gradle\caches\9.3.1\transforms\3c01aea05d2737e987399f1309ae090e\workspace\transformed\fbjni-0.7.0\prefab\modules\fbjni\libs\android.x86\libfbjni.so to C:\Users\teemm\reacte_projets\EmpireCut\node_modules\react-native-reanimated\android\build\intermediates\cxx\RelWithDebInfo\505p4173\obj\x86\libfbjni.so
C/C++: hard linked C:\Users\teemm\reacte_projets\EmpireCut\node_modules\react-native-worklets\android\build\intermediates\cxx\RelWithDebInfo\5i462r42\obj\x86\libworklets.so to C:\Users\teemm\reacte_projets\EmpireCut\node_modules\react-native-reanimated\android\build\intermediates\cxx\RelWithDebInfo\505p4173\obj\x86\libworklets.so
C/C++: hard linked C:\Users\teemm\AppData\Local\Android\Sdk\ndk\27.1.12297006\toolchains\llvm\prebuilt\windows-x86_64\sysroot\usr\lib\i686-linux-android\libc++_shared.so to C:\Users\teemm\reacte_projets\EmpireCut\node_modules\react-native-reanimated\android\build\intermediates\cxx\RelWithDebInfo\505p4173\obj\x86\libc++_shared.so
C/C++: build complete
Resolve mutations for :react-native-reanimated:buildCMakeRelWithDebInfo[x86_64][reanimated] (Thread[included builds Thread 2,5,main]) started.
:react-native-reanimated:buildCMakeRelWithDebInfo[x86_64][reanimated] (Thread[included builds Thread 2,5,main]) started.

> Task :react-native-reanimated:buildCMakeRelWithDebInfo[x86_64][reanimated]
Deleting stale output file: C:\Users\teemm\reacte_projets\EmpireCut\node_modules\react-native-reanimated\android\build\intermediates\cxx\RelWithDebInfo\505p4173\obj\x86_64
Caching disabled for task ':react-native-reanimated:buildCMakeRelWithDebInfo[x86_64][reanimated]' because:
  Build cache is disabled
  Caching has been disabled for the task
Task ':react-native-reanimated:buildCMakeRelWithDebInfo[x86_64][reanimated]' is not up-to-date because:
  Task.upToDateWhen is false.
C/C++: starting build
C/C++: reading expected JSONs
C/C++: done reading expected JSONs
C/C++: executing build commands for targets: 'reanimated'
C/C++: evaluate miniconfig
C/C++: evaluate library reanimated (x86_64)
C/C++: about to build targets reanimated
C/C++: Build reanimated
C/C++: @echo off
"C:\\Users\\teemm\\AppData\\Local\\Android\\Sdk\\cmake\\3.22.1\\bin\\ninja.exe" ^
  -C ^
  "C:\\Users\\teemm\\reacte_projets\\EmpireCut\\node_modules\\react-native-reanimated\\android\\.cxx\\RelWithDebInfo\\505p4173\\x86_64" ^
  reanimated

Starting process 'command 'C:\Users\teemm\AppData\Local\Android\Sdk\cmake\3.22.1\bin\ninja.exe''. Working directory: C:\Users\teemm\reacte_projets\EmpireCut\node_modules\react-native-reanimated\android Command: C:\Users\teemm\AppData\Local\Android\Sdk\cmake\3.22.1\bin\ninja.exe -C C:\Users\teemm\reacte_projets\EmpireCut\node_modules\react-native-reanimated\android\.cxx\RelWithDebInfo\505p4173\x86_64 reanimated
Successfully started process 'command 'C:\Users\teemm\AppData\Local\Android\Sdk\cmake\3.22.1\bin\ninja.exe''
C/C++: Received process result: 0
C/C++: check expected build outputs
C/C++: hard linked C:\Users\teemm\.gradle\caches\9.3.1\transforms\1a811400cc0489cd26373fbd36604dfc\workspace\transformed\react-android-0.85.3-release\prefab\modules\reactnative\libs\android.x86_64\libreactnative.so to C:\Users\teemm\reacte_projets\EmpireCut\node_modules\react-native-reanimated\android\build\intermediates\cxx\RelWithDebInfo\505p4173\obj\x86_64\libreactnative.so
C/C++: hard linked C:\Users\teemm\.gradle\caches\9.3.1\transforms\1a811400cc0489cd26373fbd36604dfc\workspace\transformed\react-android-0.85.3-release\prefab\modules\jsi\libs\android.x86_64\libjsi.so to C:\Users\teemm\reacte_projets\EmpireCut\node_modules\react-native-reanimated\android\build\intermediates\cxx\RelWithDebInfo\505p4173\obj\x86_64\libjsi.so
C/C++: hard linked C:\Users\teemm\.gradle\caches\9.3.1\transforms\3c01aea05d2737e987399f1309ae090e\workspace\transformed\fbjni-0.7.0\prefab\modules\fbjni\libs\android.x86_64\libfbjni.so to C:\Users\teemm\reacte_projets\EmpireCut\node_modules\react-native-reanimated\android\build\intermediates\cxx\RelWithDebInfo\505p4173\obj\x86_64\libfbjni.so
C/C++: hard linked C:\Users\teemm\reacte_projets\EmpireCut\node_modules\react-native-worklets\android\build\intermediates\cxx\RelWithDebInfo\5i462r42\obj\x86_64\libworklets.so to C:\Users\teemm\reacte_projets\EmpireCut\node_modules\react-native-reanimated\android\build\intermediates\cxx\RelWithDebInfo\505p4173\obj\x86_64\libworklets.so
C/C++: hard linked C:\Users\teemm\AppData\Local\Android\Sdk\ndk\27.1.12297006\toolchains\llvm\prebuilt\windows-x86_64\sysroot\usr\lib\x86_64-linux-android\libc++_shared.so to C:\Users\teemm\reacte_projets\EmpireCut\node_modules\react-native-reanimated\android\build\intermediates\cxx\RelWithDebInfo\505p4173\obj\x86_64\libc++_shared.so
C/C++: build complete
Resolve mutations for :react-native-worklets:mergeReleaseJniLibFolders (Thread[included builds Thread 2,5,main]) started.
:react-native-worklets:mergeReleaseJniLibFolders (Thread[included builds Thread 2,5,main]) started.

> Task :react-native-worklets:mergeReleaseJniLibFolders
Caching disabled for task ':react-native-worklets:mergeReleaseJniLibFolders' because:
  Build cache is disabled
  Simple merging task
Task ':react-native-worklets:mergeReleaseJniLibFolders' is not up-to-date because:
  No history is available.
The input changes require a full rebuild for incremental task ':react-native-worklets:mergeReleaseJniLibFolders'.
Resolve mutations for :react-native-worklets:mergeReleaseNativeLibs (Thread[included builds Thread 2,5,main]) started.
:react-native-worklets:mergeReleaseNativeLibs (Thread[included builds Thread 2,5,main]) started.

> Task :react-native-worklets:mergeReleaseNativeLibs
Caching disabled for task ':react-native-worklets:mergeReleaseNativeLibs' because:
  Build cache is disabled
  Caching has been disabled for the task
Task ':react-native-worklets:mergeReleaseNativeLibs' is not up-to-date because:
  No history is available.
Resolve mutations for :react-native-worklets:copyReleaseJniLibsProjectOnly (Thread[included builds Thread 2,5,main]) started.
:react-native-worklets:copyReleaseJniLibsProjectOnly (Thread[included builds Thread 2,5,main]) started.

> Task :react-native-worklets:copyReleaseJniLibsProjectOnly
Caching disabled for task ':react-native-worklets:copyReleaseJniLibsProjectOnly' because:
  Build cache is disabled
  Caching has been disabled for the task
Task ':react-native-worklets:copyReleaseJniLibsProjectOnly' is not up-to-date because:
  No history is available.
work action resolve jni (project :react-native-worklets) (Thread[included builds Thread 2,5,main]) started.
Resolve mutations for :react-native-reanimated:externalNativeBuildRelease (Thread[included builds Thread 2,5,main]) started.
:react-native-reanimated:externalNativeBuildRelease (Thread[included builds Thread 2,5,main]) started.

> Task :react-native-reanimated:externalNativeBuildRelease
Caching disabled for task ':react-native-reanimated:externalNativeBuildRelease' because:
  Build cache is disabled
  Caching has been disabled for the task
Task ':react-native-reanimated:externalNativeBuildRelease' is not up-to-date because:
  Task.upToDateWhen is false.
C/C++: link or copy build outputs to republish point
C/C++: hard linked C:\Users\teemm\reacte_projets\EmpireCut\node_modules\react-native-reanimated\android\build\intermediates\cxx\RelWithDebInfo\505p4173\obj\armeabi-v7a\libreanimated.so to C:\Users\teemm\reacte_projets\EmpireCut\node_modules\react-native-reanimated\android\build\intermediates\cmake\release\obj\armeabi-v7a\libreanimated.so
C/C++: hard linked C:\Users\teemm\.gradle\caches\9.3.1\transforms\1a811400cc0489cd26373fbd36604dfc\workspace\transformed\react-android-0.85.3-release\prefab\modules\reactnative\libs\android.armeabi-v7a\libreactnative.so to C:\Users\teemm\reacte_projets\EmpireCut\node_modules\react-native-reanimated\android\build\intermediates\cmake\release\obj\armeabi-v7a\libreactnative.so
C/C++: hard linked C:\Users\teemm\.gradle\caches\9.3.1\transforms\1a811400cc0489cd26373fbd36604dfc\workspace\transformed\react-android-0.85.3-release\prefab\modules\jsi\libs\android.armeabi-v7a\libjsi.so to C:\Users\teemm\reacte_projets\EmpireCut\node_modules\react-native-reanimated\android\build\intermediates\cmake\release\obj\armeabi-v7a\libjsi.so
C/C++: hard linked C:\Users\teemm\.gradle\caches\9.3.1\transforms\3c01aea05d2737e987399f1309ae090e\workspace\transformed\fbjni-0.7.0\prefab\modules\fbjni\libs\android.armeabi-v7a\libfbjni.so to C:\Users\teemm\reacte_projets\EmpireCut\node_modules\react-native-reanimated\android\build\intermediates\cmake\release\obj\armeabi-v7a\libfbjni.so
C/C++: hard linked C:\Users\teemm\reacte_projets\EmpireCut\node_modules\react-native-worklets\android\build\intermediates\cxx\RelWithDebInfo\5i462r42\obj\armeabi-v7a\libworklets.so to C:\Users\teemm\reacte_projets\EmpireCut\node_modules\react-native-reanimated\android\build\intermediates\cmake\release\obj\armeabi-v7a\libworklets.so
C/C++: hard linked C:\Users\teemm\reacte_projets\EmpireCut\node_modules\react-native-reanimated\android\build\intermediates\cxx\RelWithDebInfo\505p4173\obj\arm64-v8a\libreanimated.so to C:\Users\teemm\reacte_projets\EmpireCut\node_modules\react-native-reanimated\android\build\intermediates\cmake\release\obj\arm64-v8a\libreanimated.so
C/C++: hard linked C:\Users\teemm\.gradle\caches\9.3.1\transforms\1a811400cc0489cd26373fbd36604dfc\workspace\transformed\react-android-0.85.3-release\prefab\modules\reactnative\libs\android.arm64-v8a\libreactnative.so to C:\Users\teemm\reacte_projets\EmpireCut\node_modules\react-native-reanimated\android\build\intermediates\cmake\release\obj\arm64-v8a\libreactnative.so
C/C++: hard linked C:\Users\teemm\.gradle\caches\9.3.1\transforms\1a811400cc0489cd26373fbd36604dfc\workspace\transformed\react-android-0.85.3-release\prefab\modules\jsi\libs\android.arm64-v8a\libjsi.so to C:\Users\teemm\reacte_projets\EmpireCut\node_modules\react-native-reanimated\android\build\intermediates\cmake\release\obj\arm64-v8a\libjsi.so
C/C++: hard linked C:\Users\teemm\.gradle\caches\9.3.1\transforms\3c01aea05d2737e987399f1309ae090e\workspace\transformed\fbjni-0.7.0\prefab\modules\fbjni\libs\android.arm64-v8a\libfbjni.so to C:\Users\teemm\reacte_projets\EmpireCut\node_modules\react-native-reanimated\android\build\intermediates\cmake\release\obj\arm64-v8a\libfbjni.so
C/C++: hard linked C:\Users\teemm\reacte_projets\EmpireCut\node_modules\react-native-worklets\android\build\intermediates\cxx\RelWithDebInfo\5i462r42\obj\arm64-v8a\libworklets.so to C:\Users\teemm\reacte_projets\EmpireCut\node_modules\react-native-reanimated\android\build\intermediates\cmake\release\obj\arm64-v8a\libworklets.so
C/C++: hard linked C:\Users\teemm\reacte_projets\EmpireCut\node_modules\react-native-reanimated\android\build\intermediates\cxx\RelWithDebInfo\505p4173\obj\x86\libreanimated.so to C:\Users\teemm\reacte_projets\EmpireCut\node_modules\react-native-reanimated\android\build\intermediates\cmake\release\obj\x86\libreanimated.so
C/C++: hard linked C:\Users\teemm\.gradle\caches\9.3.1\transforms\1a811400cc0489cd26373fbd36604dfc\workspace\transformed\react-android-0.85.3-release\prefab\modules\reactnative\libs\android.x86\libreactnative.so to C:\Users\teemm\reacte_projets\EmpireCut\node_modules\react-native-reanimated\android\build\intermediates\cmake\release\obj\x86\libreactnative.so
C/C++: hard linked C:\Users\teemm\.gradle\caches\9.3.1\transforms\1a811400cc0489cd26373fbd36604dfc\workspace\transformed\react-android-0.85.3-release\prefab\modules\jsi\libs\android.x86\libjsi.so to C:\Users\teemm\reacte_projets\EmpireCut\node_modules\react-native-reanimated\android\build\intermediates\cmake\release\obj\x86\libjsi.so
C/C++: hard linked C:\Users\teemm\.gradle\caches\9.3.1\transforms\3c01aea05d2737e987399f1309ae090e\workspace\transformed\fbjni-0.7.0\prefab\modules\fbjni\libs\android.x86\libfbjni.so to C:\Users\teemm\reacte_projets\EmpireCut\node_modules\react-native-reanimated\android\build\intermediates\cmake\release\obj\x86\libfbjni.so
C/C++: hard linked C:\Users\teemm\reacte_projets\EmpireCut\node_modules\react-native-worklets\android\build\intermediates\cxx\RelWithDebInfo\5i462r42\obj\x86\libworklets.so to C:\Users\teemm\reacte_projets\EmpireCut\node_modules\react-native-reanimated\android\build\intermediates\cmake\release\obj\x86\libworklets.so
C/C++: hard linked C:\Users\teemm\reacte_projets\EmpireCut\node_modules\react-native-reanimated\android\build\intermediates\cxx\RelWithDebInfo\505p4173\obj\x86_64\libreanimated.so to C:\Users\teemm\reacte_projets\EmpireCut\node_modules\react-native-reanimated\android\build\intermediates\cmake\release\obj\x86_64\libreanimated.so
C/C++: hard linked C:\Users\teemm\.gradle\caches\9.3.1\transforms\1a811400cc0489cd26373fbd36604dfc\workspace\transformed\react-android-0.85.3-release\prefab\modules\reactnative\libs\android.x86_64\libreactnative.so to C:\Users\teemm\reacte_projets\EmpireCut\node_modules\react-native-reanimated\android\build\intermediates\cmake\release\obj\x86_64\libreactnative.so
C/C++: hard linked C:\Users\teemm\.gradle\caches\9.3.1\transforms\1a811400cc0489cd26373fbd36604dfc\workspace\transformed\react-android-0.85.3-release\prefab\modules\jsi\libs\android.x86_64\libjsi.so to C:\Users\teemm\reacte_projets\EmpireCut\node_modules\react-native-reanimated\android\build\intermediates\cmake\release\obj\x86_64\libjsi.so
C/C++: hard linked C:\Users\teemm\.gradle\caches\9.3.1\transforms\3c01aea05d2737e987399f1309ae090e\workspace\transformed\fbjni-0.7.0\prefab\modules\fbjni\libs\android.x86_64\libfbjni.so to C:\Users\teemm\reacte_projets\EmpireCut\node_modules\react-native-reanimated\android\build\intermediates\cmake\release\obj\x86_64\libfbjni.so
C/C++: hard linked C:\Users\teemm\reacte_projets\EmpireCut\node_modules\react-native-worklets\android\build\intermediates\cxx\RelWithDebInfo\5i462r42\obj\x86_64\libworklets.so to C:\Users\teemm\reacte_projets\EmpireCut\node_modules\react-native-reanimated\android\build\intermediates\cmake\release\obj\x86_64\libworklets.so
C/C++: hard linked C:\Users\teemm\AppData\Local\Android\Sdk\ndk\27.1.12297006\toolchains\llvm\prebuilt\windows-x86_64\sysroot\usr\lib\arm-linux-androideabi\libc++_shared.so to C:\Users\teemm\reacte_projets\EmpireCut\node_modules\react-native-reanimated\android\build\intermediates\cmake\release\obj\armeabi-v7a\libc++_shared.so
C/C++: hard linked C:\Users\teemm\AppData\Local\Android\Sdk\ndk\27.1.12297006\toolchains\llvm\prebuilt\windows-x86_64\sysroot\usr\lib\aarch64-linux-android\libc++_shared.so to C:\Users\teemm\reacte_projets\EmpireCut\node_modules\react-native-reanimated\android\build\intermediates\cmake\release\obj\arm64-v8a\libc++_shared.so
C/C++: hard linked C:\Users\teemm\AppData\Local\Android\Sdk\ndk\27.1.12297006\toolchains\llvm\prebuilt\windows-x86_64\sysroot\usr\lib\i686-linux-android\libc++_shared.so to C:\Users\teemm\reacte_projets\EmpireCut\node_modules\react-native-reanimated\android\build\intermediates\cmake\release\obj\x86\libc++_shared.so
C/C++: hard linked C:\Users\teemm\AppData\Local\Android\Sdk\ndk\27.1.12297006\toolchains\llvm\prebuilt\windows-x86_64\sysroot\usr\lib\x86_64-linux-android\libc++_shared.so to C:\Users\teemm\reacte_projets\EmpireCut\node_modules\react-native-reanimated\android\build\intermediates\cmake\release\obj\x86_64\libc++_shared.so
Resolve mutations for :react-native-reanimated:prefabReleasePackage (Thread[included builds Thread 2,5,main]) started.
:react-native-reanimated:prefabReleasePackage (Thread[included builds Thread 2,5,main]) started.

> Task :react-native-reanimated:prefabReleasePackage
Caching disabled for task ':react-native-reanimated:prefabReleasePackage' because:
  Build cache is disabled
  Caching has been disabled for the task
Task ':react-native-reanimated:prefabReleasePackage' is not up-to-date because:
  No history is available.
C/C++: Installing header C:\Users\teemm\reacte_projets\EmpireCut\node_modules\react-native-reanimated\android\build\prefab-headers\reanimated to C:\Users\teemm\reacte_projets\EmpireCut\node_modules\react-native-reanimated\android\build\intermediates\prefab_package\release\prefab\modules\reanimated\include
C/C++: Installing C:\Users\teemm\reacte_projets\EmpireCut\node_modules\react-native-reanimated\android\build\intermediates\cxx\RelWithDebInfo\505p4173\obj\armeabi-v7a\libreanimated.so to C:\Users\teemm\reacte_projets\EmpireCut\node_modules\react-native-reanimated\android\build\intermediates\prefab_package\release\prefab\modules\reanimated\libs\android.armeabi-v7a\libreanimated.so
C/C++: hard linked C:\Users\teemm\reacte_projets\EmpireCut\node_modules\react-native-reanimated\android\build\intermediates\cxx\RelWithDebInfo\505p4173\obj\armeabi-v7a\libreanimated.so to C:\Users\teemm\reacte_projets\EmpireCut\node_modules\react-native-reanimated\android\build\intermediates\prefab_package\release\prefab\modules\reanimated\libs\android.armeabi-v7a\libreanimated.so
C/C++: Installing C:\Users\teemm\reacte_projets\EmpireCut\node_modules\react-native-reanimated\android\build\intermediates\cxx\RelWithDebInfo\505p4173\obj\arm64-v8a\libreanimated.so to C:\Users\teemm\reacte_projets\EmpireCut\node_modules\react-native-reanimated\android\build\intermediates\prefab_package\release\prefab\modules\reanimated\libs\android.arm64-v8a\libreanimated.so
C/C++: hard linked C:\Users\teemm\reacte_projets\EmpireCut\node_modules\react-native-reanimated\android\build\intermediates\cxx\RelWithDebInfo\505p4173\obj\arm64-v8a\libreanimated.so to C:\Users\teemm\reacte_projets\EmpireCut\node_modules\react-native-reanimated\android\build\intermediates\prefab_package\release\prefab\modules\reanimated\libs\android.arm64-v8a\libreanimated.so
C/C++: Installing C:\Users\teemm\reacte_projets\EmpireCut\node_modules\react-native-reanimated\android\build\intermediates\cxx\RelWithDebInfo\505p4173\obj\x86\libreanimated.so to C:\Users\teemm\reacte_projets\EmpireCut\node_modules\react-native-reanimated\android\build\intermediates\prefab_package\release\prefab\modules\reanimated\libs\android.x86\libreanimated.so
C/C++: hard linked C:\Users\teemm\reacte_projets\EmpireCut\node_modules\react-native-reanimated\android\build\intermediates\cxx\RelWithDebInfo\505p4173\obj\x86\libreanimated.so to C:\Users\teemm\reacte_projets\EmpireCut\node_modules\react-native-reanimated\android\build\intermediates\prefab_package\release\prefab\modules\reanimated\libs\android.x86\libreanimated.so
C/C++: Installing C:\Users\teemm\reacte_projets\EmpireCut\node_modules\react-native-reanimated\android\build\intermediates\cxx\RelWithDebInfo\505p4173\obj\x86_64\libreanimated.so to C:\Users\teemm\reacte_projets\EmpireCut\node_modules\react-native-reanimated\android\build\intermediates\prefab_package\release\prefab\modules\reanimated\libs\android.x86_64\libreanimated.so
C/C++: hard linked C:\Users\teemm\reacte_projets\EmpireCut\node_modules\react-native-reanimated\android\build\intermediates\cxx\RelWithDebInfo\505p4173\obj\x86_64\libreanimated.so to C:\Users\teemm\reacte_projets\EmpireCut\node_modules\react-native-reanimated\android\build\intermediates\prefab_package\release\prefab\modules\reanimated\libs\android.x86_64\libreanimated.so
work action resolve prefab (project :react-native-reanimated) (Thread[included builds Thread 2,5,main]) started.
Resolve mutations for :app:buildCMakeRelWithDebInfo[arm64-v8a] (Thread[included builds Thread 2,5,main]) started.
:app:buildCMakeRelWithDebInfo[arm64-v8a] (Thread[included builds Thread 2,5,main]) started.

> Task :app:buildCMakeRelWithDebInfo[arm64-v8a]
Deleting stale output file: C:\Users\teemm\reacte_projets\EmpireCut\android\app\build\intermediates\cxx\RelWithDebInfo\1n3t6u49\obj\arm64-v8a
Caching disabled for task ':app:buildCMakeRelWithDebInfo[arm64-v8a]' because:
  Build cache is disabled
  Caching has been disabled for the task
Task ':app:buildCMakeRelWithDebInfo[arm64-v8a]' is not up-to-date because:
  Task.upToDateWhen is false.
C/C++: starting build
C/C++: reading expected JSONs
C/C++: done reading expected JSONs
C/C++: executing build commands for targets that produce .so files or executables
C/C++: evaluate miniconfig
C/C++: evaluate library react_codegen_rnreanimated (arm64-v8a)
C/C++: not building target react_codegen_rnreanimated because no targets are specified and library build output file is null
C/C++: evaluate library react_codegen_safeareacontext (arm64-v8a)
C/C++: building target library react_codegen_safeareacontext because no targets are specified.
C/C++: evaluate library react_codegen_rngesturehandler_codegen (arm64-v8a)
C/C++: not building target react_codegen_rngesturehandler_codegen because no targets are specified and library build output file is null
C/C++: evaluate library react_codegen_RNImagePickerSpec (arm64-v8a)
C/C++: not building target react_codegen_RNImagePickerSpec because no targets are specified and library build output file is null
C/C++: evaluate library react_codegen_rnscreens (arm64-v8a)
C/C++: building target library react_codegen_rnscreens because no targets are specified.
C/C++: evaluate library appmodules (arm64-v8a)
C/C++: building target library appmodules because no targets are specified.
C/C++: evaluate library react_codegen_AsyncStorageSpec (arm64-v8a)
C/C++: not building target react_codegen_AsyncStorageSpec because no targets are specified and library build output file is null
C/C++: evaluate library react_codegen_rnworklets (arm64-v8a)
C/C++: not building target react_codegen_rnworklets because no targets are specified and library build output file is null
C/C++: about to build targets appmodules, react_codegen_rnscreens, react_codegen_safeareacontext
C/C++: Build multiple targets react_codegen_safeareacontext_arm64-v8a react_codegen_rnscreens_arm64-v8a appmodules_arm64-v8a
C/C++: @echo off
"C:\\Users\\teemm\\AppData\\Local\\Android\\Sdk\\cmake\\3.22.1\\bin\\ninja.exe" ^
  -C ^
  "C:\\Users\\teemm\\reacte_projets\\EmpireCut\\android\\app\\.cxx\\RelWithDebInfo\\1n3t6u49\\arm64-v8a" ^
  appmodules ^
  react_codegen_rnscreens ^
  react_codegen_safeareacontext

Starting process 'command 'C:\Users\teemm\AppData\Local\Android\Sdk\cmake\3.22.1\bin\ninja.exe''. Working directory: C:\Users\teemm\reacte_projets\EmpireCut\android\app Command: C:\Users\teemm\AppData\Local\Android\Sdk\cmake\3.22.1\bin\ninja.exe -C C:\Users\teemm\reacte_projets\EmpireCut\android\app\.cxx\RelWithDebInfo\1n3t6u49\arm64-v8a appmodules react_codegen_rnscreens react_codegen_safeareacontext
Successfully started process 'command 'C:\Users\teemm\AppData\Local\Android\Sdk\cmake\3.22.1\bin\ninja.exe''
C/C++: Received process result: 0
C/C++: check expected build outputs
C/C++: hard linked C:\Users\teemm\.gradle\caches\9.3.1\transforms\3c01aea05d2737e987399f1309ae090e\workspace\transformed\fbjni-0.7.0\prefab\modules\fbjni\libs\android.arm64-v8a\libfbjni.so to C:\Users\teemm\reacte_projets\EmpireCut\android\app\build\intermediates\cxx\RelWithDebInfo\1n3t6u49\obj\arm64-v8a\libfbjni.so
C/C++: hard linked C:\Users\teemm\.gradle\caches\9.3.1\transforms\1a811400cc0489cd26373fbd36604dfc\workspace\transformed\react-android-0.85.3-release\prefab\modules\jsi\libs\android.arm64-v8a\libjsi.so to C:\Users\teemm\reacte_projets\EmpireCut\android\app\build\intermediates\cxx\RelWithDebInfo\1n3t6u49\obj\arm64-v8a\libjsi.so
C/C++: hard linked C:\Users\teemm\.gradle\caches\9.3.1\transforms\1a811400cc0489cd26373fbd36604dfc\workspace\transformed\react-android-0.85.3-release\prefab\modules\reactnative\libs\android.arm64-v8a\libreactnative.so to C:\Users\teemm\reacte_projets\EmpireCut\android\app\build\intermediates\cxx\RelWithDebInfo\1n3t6u49\obj\arm64-v8a\libreactnative.so
C/C++: hard linked C:\Users\teemm\AppData\Local\Android\Sdk\ndk\27.1.12297006\toolchains\llvm\prebuilt\windows-x86_64\sysroot\usr\lib\aarch64-linux-android\libc++_shared.so to C:\Users\teemm\reacte_projets\EmpireCut\android\app\build\intermediates\cxx\RelWithDebInfo\1n3t6u49\obj\arm64-v8a\libc++_shared.so
C/C++: build complete
Resolve mutations for :app:configureCMakeRelWithDebInfo[armeabi-v7a] (Thread[included builds Thread 2,5,main]) started.
:app:configureCMakeRelWithDebInfo[armeabi-v7a] (Thread[included builds Thread 2,5,main]) started.

> Task :app:configureCMakeRelWithDebInfo[armeabi-v7a]
Caching disabled for task ':app:configureCMakeRelWithDebInfo[armeabi-v7a]' because:
  Build cache is disabled
  Caching has been disabled for the task
Task ':app:configureCMakeRelWithDebInfo[armeabi-v7a]' is not up-to-date because:
  Task.upToDateWhen is false.
C/C++: C:\Users\teemm\reacte_projets\EmpireCut\node_modules\react-native\ReactAndroid\cmake-utils\default-app-setup\CMakeLists.txt release|armeabi-v7a : Start JSON generation. Platform version: 24 min SDK version: armeabi-v7a
C/C++: C:\Users\teemm\reacte_projets\EmpireCut\node_modules\react-native\ReactAndroid\cmake-utils\default-app-setup\CMakeLists.txt release|armeabi-v7a : rebuilding JSON C:\Users\teemm\reacte_projets\EmpireCut\android\app\.cxx\RelWithDebInfo\1n3t6u49\armeabi-v7a\android_gradle_build.json due to:
C/C++: C:\Users\teemm\reacte_projets\EmpireCut\node_modules\react-native\ReactAndroid\cmake-utils\default-app-setup\CMakeLists.txt release|armeabi-v7a : - no fingerprint file, will remove stale configuration folder
C/C++: C:\Users\teemm\reacte_projets\EmpireCut\node_modules\react-native\ReactAndroid\cmake-utils\default-app-setup\CMakeLists.txt release|armeabi-v7a : @echo off
"C:\\Program Files\\Eclipse Adoptium\\jdk-17.0.15.6-hotspot\\bin\\java" ^
  --class-path ^
  "C:\\Users\\teemm\\.gradle\\caches\\modules-2\\files-2.1\\com.google.prefab\\cli\\2.1.0\\aa32fec809c44fa531f01dcfb739b5b3304d3050\\cli-2.1.0-all.jar" ^
  com.google.prefab.cli.AppKt ^
  --build-system ^
  cmake ^
  --platform ^
  android ^
  --abi ^
  armeabi-v7a ^
  --os-version ^
  24 ^
  --stl ^
  c++_shared ^
  --ndk-version ^
  27 ^
  --output ^
  "C:\\Users\\teemm\\AppData\\Local\\Temp\\agp-prefab-staging3539611458587737431\\staged-cli-output" ^
  "C:\\Users\\teemm\\reacte_projets\\EmpireCut\\android\\app\\build\\intermediates\\cxx\\refs\\react-native-worklets\\6x1ni2x4" ^
  "C:\\Users\\teemm\\.gradle\\caches\\9.3.1\\transforms\\1a811400cc0489cd26373fbd36604dfc\\workspace\\transformed\\react-android-0.85.3-release\\prefab" ^
  "C:\\Users\\teemm\\reacte_projets\\EmpireCut\\android\\app\\build\\intermediates\\cxx\\refs\\react-native-reanimated\\3c1n4x6g" ^
  "C:\\Users\\teemm\\.gradle\\caches\\9.3.1\\transforms\\948bc2767943b0aed6251e9b86208553\\workspace\\transformed\\hermes-android-250829098.0.10-release\\prefab" ^
  "C:\\Users\\teemm\\.gradle\\caches\\9.3.1\\transforms\\3c01aea05d2737e987399f1309ae090e\\workspace\\transformed\\fbjni-0.7.0\\prefab"

Starting process 'command 'C:\Users\teemm\reacte_projets\EmpireCut\android\app\build\intermediates\cxx\RelWithDebInfo\1n3t6u49\logs\armeabi-v7a\prefab_command.bat''. Working directory: C:\Users\teemm\reacte_projets\EmpireCut\android\app Command: C:\Users\teemm\reacte_projets\EmpireCut\android\app\build\intermediates\cxx\RelWithDebInfo\1n3t6u49\logs\armeabi-v7a\prefab_command.bat 
Successfully started process 'command 'C:\Users\teemm\reacte_projets\EmpireCut\android\app\build\intermediates\cxx\RelWithDebInfo\1n3t6u49\logs\armeabi-v7a\prefab_command.bat''
C/C++: C:\Users\teemm\reacte_projets\EmpireCut\node_modules\react-native\ReactAndroid\cmake-utils\default-app-setup\CMakeLists.txt release|armeabi-v7a : Received process result: 0
C/C++: C:\Users\teemm\reacte_projets\EmpireCut\node_modules\react-native\ReactAndroid\cmake-utils\default-app-setup\CMakeLists.txt release|armeabi-v7a : removing stale contents from 'C:\Users\teemm\reacte_projets\EmpireCut\android\app\.cxx\RelWithDebInfo\1n3t6u49\armeabi-v7a'
C/C++: C:\Users\teemm\reacte_projets\EmpireCut\node_modules\react-native\ReactAndroid\cmake-utils\default-app-setup\CMakeLists.txt release|armeabi-v7a : created folder 'C:\Users\teemm\reacte_projets\EmpireCut\android\app\.cxx\RelWithDebInfo\1n3t6u49\armeabi-v7a'
C/C++: C:\Users\teemm\reacte_projets\EmpireCut\node_modules\react-native\ReactAndroid\cmake-utils\default-app-setup\CMakeLists.txt release|armeabi-v7a : executing cmake @echo off
"C:\\Users\\teemm\\AppData\\Local\\Android\\Sdk\\cmake\\3.22.1\\bin\\cmake.exe" ^
  "-HC:\\Users\\teemm\\reacte_projets\\EmpireCut\\node_modules\\react-native\\ReactAndroid\\cmake-utils\\default-app-setup" ^
  "-DCMAKE_SYSTEM_NAME=Android" ^
  "-DCMAKE_EXPORT_COMPILE_COMMANDS=ON" ^
  "-DCMAKE_SYSTEM_VERSION=24" ^
  "-DANDROID_PLATFORM=android-24" ^
  "-DANDROID_ABI=armeabi-v7a" ^
  "-DCMAKE_ANDROID_ARCH_ABI=armeabi-v7a" ^
  "-DANDROID_NDK=C:\\Users\\teemm\\AppData\\Local\\Android\\Sdk\\ndk\\27.1.12297006" ^
  "-DCMAKE_ANDROID_NDK=C:\\Users\\teemm\\AppData\\Local\\Android\\Sdk\\ndk\\27.1.12297006" ^
  "-DCMAKE_TOOLCHAIN_FILE=C:\\Users\\teemm\\AppData\\Local\\Android\\Sdk\\ndk\\27.1.12297006\\build\\cmake\\android.toolchain.cmake" ^
  "-DCMAKE_MAKE_PROGRAM=C:\\Users\\teemm\\AppData\\Local\\Android\\Sdk\\cmake\\3.22.1\\bin\\ninja.exe" ^
  "-DCMAKE_LIBRARY_OUTPUT_DIRECTORY=C:\\Users\\teemm\\reacte_projets\\EmpireCut\\android\\app\\build\\intermediates\\cxx\\RelWithDebInfo\\1n3t6u49\\obj\\armeabi-v7a" ^
  "-DCMAKE_RUNTIME_OUTPUT_DIRECTORY=C:\\Users\\teemm\\reacte_projets\\EmpireCut\\android\\app\\build\\intermediates\\cxx\\RelWithDebInfo\\1n3t6u49\\obj\\armeabi-v7a" ^
  "-DCMAKE_BUILD_TYPE=RelWithDebInfo" ^
  "-DCMAKE_FIND_ROOT_PATH=C:\\Users\\teemm\\reacte_projets\\EmpireCut\\android\\app\\.cxx\\RelWithDebInfo\\1n3t6u49\\prefab\\armeabi-v7a\\prefab" ^
  "-BC:\\Users\\teemm\\reacte_projets\\EmpireCut\\android\\app\\.cxx\\RelWithDebInfo\\1n3t6u49\\armeabi-v7a" ^
  -GNinja ^
  "-DPROJECT_BUILD_DIR=C:\\Users\\teemm\\reacte_projets\\EmpireCut\\android\\app\\build" ^
  "-DPROJECT_ROOT_DIR=C:\\Users\\teemm\\reacte_projets\\EmpireCut\\android" ^
  "-DREACT_ANDROID_DIR=C:\\Users\\teemm\\reacte_projets\\EmpireCut\\node_modules\\react-native\\ReactAndroid" ^
  "-DANDROID_STL=c++_shared" ^
  "-DANDROID_SUPPORT_FLEXIBLE_PAGE_SIZES=ON"

C/C++: C:\Users\teemm\reacte_projets\EmpireCut\node_modules\react-native\ReactAndroid\cmake-utils\default-app-setup\CMakeLists.txt release|armeabi-v7a : @echo off
"C:\\Users\\teemm\\AppData\\Local\\Android\\Sdk\\cmake\\3.22.1\\bin\\cmake.exe" ^
  "-HC:\\Users\\teemm\\reacte_projets\\EmpireCut\\node_modules\\react-native\\ReactAndroid\\cmake-utils\\default-app-setup" ^
  "-DCMAKE_SYSTEM_NAME=Android" ^
  "-DCMAKE_EXPORT_COMPILE_COMMANDS=ON" ^
  "-DCMAKE_SYSTEM_VERSION=24" ^
  "-DANDROID_PLATFORM=android-24" ^
  "-DANDROID_ABI=armeabi-v7a" ^
  "-DCMAKE_ANDROID_ARCH_ABI=armeabi-v7a" ^
  "-DANDROID_NDK=C:\\Users\\teemm\\AppData\\Local\\Android\\Sdk\\ndk\\27.1.12297006" ^
  "-DCMAKE_ANDROID_NDK=C:\\Users\\teemm\\AppData\\Local\\Android\\Sdk\\ndk\\27.1.12297006" ^
  "-DCMAKE_TOOLCHAIN_FILE=C:\\Users\\teemm\\AppData\\Local\\Android\\Sdk\\ndk\\27.1.12297006\\build\\cmake\\android.toolchain.cmake" ^
  "-DCMAKE_MAKE_PROGRAM=C:\\Users\\teemm\\AppData\\Local\\Android\\Sdk\\cmake\\3.22.1\\bin\\ninja.exe" ^
  "-DCMAKE_LIBRARY_OUTPUT_DIRECTORY=C:\\Users\\teemm\\reacte_projets\\EmpireCut\\android\\app\\build\\intermediates\\cxx\\RelWithDebInfo\\1n3t6u49\\obj\\armeabi-v7a" ^
  "-DCMAKE_RUNTIME_OUTPUT_DIRECTORY=C:\\Users\\teemm\\reacte_projets\\EmpireCut\\android\\app\\build\\intermediates\\cxx\\RelWithDebInfo\\1n3t6u49\\obj\\armeabi-v7a" ^
  "-DCMAKE_BUILD_TYPE=RelWithDebInfo" ^
  "-DCMAKE_FIND_ROOT_PATH=C:\\Users\\teemm\\reacte_projets\\EmpireCut\\android\\app\\.cxx\\RelWithDebInfo\\1n3t6u49\\prefab\\armeabi-v7a\\prefab" ^
  "-BC:\\Users\\teemm\\reacte_projets\\EmpireCut\\android\\app\\.cxx\\RelWithDebInfo\\1n3t6u49\\armeabi-v7a" ^
  -GNinja ^
  "-DPROJECT_BUILD_DIR=C:\\Users\\teemm\\reacte_projets\\EmpireCut\\android\\app\\build" ^
  "-DPROJECT_ROOT_DIR=C:\\Users\\teemm\\reacte_projets\\EmpireCut\\android" ^
  "-DREACT_ANDROID_DIR=C:\\Users\\teemm\\reacte_projets\\EmpireCut\\node_modules\\react-native\\ReactAndroid" ^
  "-DANDROID_STL=c++_shared" ^
  "-DANDROID_SUPPORT_FLEXIBLE_PAGE_SIZES=ON"

Starting process 'command 'C:\Users\teemm\AppData\Local\Android\Sdk\cmake\3.22.1\bin\cmake.exe''. Working directory: C:\Users\teemm\reacte_projets\EmpireCut\android\app Command: C:\Users\teemm\AppData\Local\Android\Sdk\cmake\3.22.1\bin\cmake.exe -HC:\Users\teemm\reacte_projets\EmpireCut\node_modules\react-native\ReactAndroid\cmake-utils\default-app-setup -DCMAKE_SYSTEM_NAME=Android -DCMAKE_EXPORT_COMPILE_COMMANDS=ON -DCMAKE_SYSTEM_VERSION=24 -DANDROID_PLATFORM=android-24 -DANDROID_ABI=armeabi-v7a -DCMAKE_ANDROID_ARCH_ABI=armeabi-v7a -DANDROID_NDK=C:\Users\teemm\AppData\Local\Android\Sdk\ndk\27.1.12297006 -DCMAKE_ANDROID_NDK=C:\Users\teemm\AppData\Local\Android\Sdk\ndk\27.1.12297006 -DCMAKE_TOOLCHAIN_FILE=C:\Users\teemm\AppData\Local\Android\Sdk\ndk\27.1.12297006\build\cmake\android.toolchain.cmake -DCMAKE_MAKE_PROGRAM=C:\Users\teemm\AppData\Local\Android\Sdk\cmake\3.22.1\bin\ninja.exe -DCMAKE_LIBRARY_OUTPUT_DIRECTORY=C:\Users\teemm\reacte_projets\EmpireCut\android\app\build\intermediates\cxx\RelWithDebInfo\1n3t6u49\obj\armeabi-v7a -DCMAKE_RUNTIME_OUTPUT_DIRECTORY=C:\Users\teemm\reacte_projets\EmpireCut\android\app\build\intermediates\cxx\RelWithDebInfo\1n3t6u49\obj\armeabi-v7a -DCMAKE_BUILD_TYPE=RelWithDebInfo -DCMAKE_FIND_ROOT_PATH=C:\Users\teemm\reacte_projets\EmpireCut\android\app\.cxx\RelWithDebInfo\1n3t6u49\prefab\armeabi-v7a\prefab -BC:\Users\teemm\reacte_projets\EmpireCut\android\app\.cxx\RelWithDebInfo\1n3t6u49\armeabi-v7a -GNinja -DPROJECT_BUILD_DIR=C:\Users\teemm\reacte_projets\EmpireCut\android\app\build -DPROJECT_ROOT_DIR=C:\Users\teemm\reacte_projets\EmpireCut\android -DREACT_ANDROID_DIR=C:\Users\teemm\reacte_projets\EmpireCut\node_modules\react-native\ReactAndroid -DANDROID_STL=c++_shared -DANDROID_SUPPORT_FLEXIBLE_PAGE_SIZES=ON
Successfully started process 'command 'C:\Users\teemm\AppData\Local\Android\Sdk\cmake\3.22.1\bin\cmake.exe''
C/C++: C:\Users\teemm\reacte_projets\EmpireCut\node_modules\react-native\ReactAndroid\cmake-utils\default-app-setup\CMakeLists.txt release|armeabi-v7a : Received process result: 0
C/C++: C:\Users\teemm\reacte_projets\EmpireCut\node_modules\react-native\ReactAndroid\cmake-utils\default-app-setup\CMakeLists.txt release|armeabi-v7a : Exiting generation of C:\Users\teemm\reacte_projets\EmpireCut\android\app\.cxx\RelWithDebInfo\1n3t6u49\armeabi-v7a\compile_commands.json.bin normally
C/C++: C:\Users\teemm\reacte_projets\EmpireCut\node_modules\react-native\ReactAndroid\cmake-utils\default-app-setup\CMakeLists.txt release|armeabi-v7a : done executing cmake
C/C++: C:\Users\teemm\reacte_projets\EmpireCut\node_modules\react-native\ReactAndroid\cmake-utils\default-app-setup\CMakeLists.txt release|armeabi-v7a : hard linked C:\Users\teemm\reacte_projets\EmpireCut\android\app\.cxx\RelWithDebInfo\1n3t6u49\armeabi-v7a\compile_commands.json to C:\Users\teemm\reacte_projets\EmpireCut\android\app\.cxx\tools\release\armeabi-v7a\compile_commands.json
C/C++: C:\Users\teemm\reacte_projets\EmpireCut\node_modules\react-native\ReactAndroid\cmake-utils\default-app-setup\CMakeLists.txt release|armeabi-v7a : JSON generation completed without problems
C/C++: C:\Users\teemm\reacte_projets\EmpireCut\node_modules\react-native\ReactAndroid\cmake-utils\default-app-setup\CMakeLists.txt release|armeabi-v7a : Writing build model to C:\Users\teemm\reacte_projets\EmpireCut\android\app\build\intermediates\cxx\RelWithDebInfo\1n3t6u49\logs\armeabi-v7a\build_model.json
Resolve mutations for :app:buildCMakeRelWithDebInfo[armeabi-v7a] (Thread[included builds Thread 2,5,main]) started.
:app:buildCMakeRelWithDebInfo[armeabi-v7a] (Thread[included builds Thread 2,5,main]) started.

> Task :app:buildCMakeRelWithDebInfo[armeabi-v7a]
Deleting stale output file: C:\Users\teemm\reacte_projets\EmpireCut\android\app\build\intermediates\cxx\RelWithDebInfo\1n3t6u49\obj\armeabi-v7a
Caching disabled for task ':app:buildCMakeRelWithDebInfo[armeabi-v7a]' because:
  Build cache is disabled
  Caching has been disabled for the task
Task ':app:buildCMakeRelWithDebInfo[armeabi-v7a]' is not up-to-date because:
  Task.upToDateWhen is false.
C/C++: starting build
C/C++: reading expected JSONs
C/C++: done reading expected JSONs
C/C++: executing build commands for targets that produce .so files or executables
C/C++: evaluate miniconfig
C/C++: evaluate library react_codegen_rnreanimated (armeabi-v7a)
C/C++: not building target react_codegen_rnreanimated because no targets are specified and library build output file is null
C/C++: evaluate library react_codegen_safeareacontext (armeabi-v7a)
C/C++: building target library react_codegen_safeareacontext because no targets are specified.
C/C++: evaluate library react_codegen_rngesturehandler_codegen (armeabi-v7a)
C/C++: not building target react_codegen_rngesturehandler_codegen because no targets are specified and library build output file is null
C/C++: evaluate library react_codegen_RNImagePickerSpec (armeabi-v7a)
C/C++: not building target react_codegen_RNImagePickerSpec because no targets are specified and library build output file is null
C/C++: evaluate library react_codegen_rnscreens (armeabi-v7a)
C/C++: building target library react_codegen_rnscreens because no targets are specified.
C/C++: evaluate library appmodules (armeabi-v7a)
C/C++: building target library appmodules because no targets are specified.
C/C++: evaluate library react_codegen_AsyncStorageSpec (armeabi-v7a)
C/C++: not building target react_codegen_AsyncStorageSpec because no targets are specified and library build output file is null
C/C++: evaluate library react_codegen_rnworklets (armeabi-v7a)
C/C++: not building target react_codegen_rnworklets because no targets are specified and library build output file is null
C/C++: about to build targets appmodules, react_codegen_rnscreens, react_codegen_safeareacontext
C/C++: Build multiple targets react_codegen_safeareacontext_armeabi-v7a react_codegen_rnscreens_armeabi-v7a appmodules_armeabi-v7a
C/C++: @echo off
"C:\\Users\\teemm\\AppData\\Local\\Android\\Sdk\\cmake\\3.22.1\\bin\\ninja.exe" ^
  -C ^
  "C:\\Users\\teemm\\reacte_projets\\EmpireCut\\android\\app\\.cxx\\RelWithDebInfo\\1n3t6u49\\armeabi-v7a" ^
  appmodules ^
  react_codegen_rnscreens ^
  react_codegen_safeareacontext

Starting process 'command 'C:\Users\teemm\AppData\Local\Android\Sdk\cmake\3.22.1\bin\ninja.exe''. Working directory: C:\Users\teemm\reacte_projets\EmpireCut\android\app Command: C:\Users\teemm\AppData\Local\Android\Sdk\cmake\3.22.1\bin\ninja.exe -C C:\Users\teemm\reacte_projets\EmpireCut\android\app\.cxx\RelWithDebInfo\1n3t6u49\armeabi-v7a appmodules react_codegen_rnscreens react_codegen_safeareacontext
Successfully started process 'command 'C:\Users\teemm\AppData\Local\Android\Sdk\cmake\3.22.1\bin\ninja.exe''
C/C++: Received process result: 0
C/C++: check expected build outputs
C/C++: hard linked C:\Users\teemm\.gradle\caches\9.3.1\transforms\3c01aea05d2737e987399f1309ae090e\workspace\transformed\fbjni-0.7.0\prefab\modules\fbjni\libs\android.armeabi-v7a\libfbjni.so to C:\Users\teemm\reacte_projets\EmpireCut\android\app\build\intermediates\cxx\RelWithDebInfo\1n3t6u49\obj\armeabi-v7a\libfbjni.so
C/C++: hard linked C:\Users\teemm\.gradle\caches\9.3.1\transforms\1a811400cc0489cd26373fbd36604dfc\workspace\transformed\react-android-0.85.3-release\prefab\modules\jsi\libs\android.armeabi-v7a\libjsi.so to C:\Users\teemm\reacte_projets\EmpireCut\android\app\build\intermediates\cxx\RelWithDebInfo\1n3t6u49\obj\armeabi-v7a\libjsi.so
C/C++: hard linked C:\Users\teemm\.gradle\caches\9.3.1\transforms\1a811400cc0489cd26373fbd36604dfc\workspace\transformed\react-android-0.85.3-release\prefab\modules\reactnative\libs\android.armeabi-v7a\libreactnative.so to C:\Users\teemm\reacte_projets\EmpireCut\android\app\build\intermediates\cxx\RelWithDebInfo\1n3t6u49\obj\armeabi-v7a\libreactnative.so
C/C++: hard linked C:\Users\teemm\AppData\Local\Android\Sdk\ndk\27.1.12297006\toolchains\llvm\prebuilt\windows-x86_64\sysroot\usr\lib\arm-linux-androideabi\libc++_shared.so to C:\Users\teemm\reacte_projets\EmpireCut\android\app\build\intermediates\cxx\RelWithDebInfo\1n3t6u49\obj\armeabi-v7a\libc++_shared.so
C/C++: build complete
Resolve mutations for :app:configureCMakeRelWithDebInfo[x86] (Thread[included builds Thread 2,5,main]) started.
:app:configureCMakeRelWithDebInfo[x86] (Thread[included builds Thread 2,5,main]) started.

> Task :app:configureCMakeRelWithDebInfo[x86]
Caching disabled for task ':app:configureCMakeRelWithDebInfo[x86]' because:
  Build cache is disabled
  Caching has been disabled for the task
Task ':app:configureCMakeRelWithDebInfo[x86]' is not up-to-date because:
  Task.upToDateWhen is false.
C/C++: C:\Users\teemm\reacte_projets\EmpireCut\node_modules\react-native\ReactAndroid\cmake-utils\default-app-setup\CMakeLists.txt release|x86 : Start JSON generation. Platform version: 24 min SDK version: x86
C/C++: C:\Users\teemm\reacte_projets\EmpireCut\node_modules\react-native\ReactAndroid\cmake-utils\default-app-setup\CMakeLists.txt release|x86 : rebuilding JSON C:\Users\teemm\reacte_projets\EmpireCut\android\app\.cxx\RelWithDebInfo\1n3t6u49\x86\android_gradle_build.json due to:
C/C++: C:\Users\teemm\reacte_projets\EmpireCut\node_modules\react-native\ReactAndroid\cmake-utils\default-app-setup\CMakeLists.txt release|x86 : - no fingerprint file, will remove stale configuration folder
C/C++: C:\Users\teemm\reacte_projets\EmpireCut\node_modules\react-native\ReactAndroid\cmake-utils\default-app-setup\CMakeLists.txt release|x86 : @echo off
"C:\\Program Files\\Eclipse Adoptium\\jdk-17.0.15.6-hotspot\\bin\\java" ^
  --class-path ^
  "C:\\Users\\teemm\\.gradle\\caches\\modules-2\\files-2.1\\com.google.prefab\\cli\\2.1.0\\aa32fec809c44fa531f01dcfb739b5b3304d3050\\cli-2.1.0-all.jar" ^
  com.google.prefab.cli.AppKt ^
  --build-system ^
  cmake ^
  --platform ^
  android ^
  --abi ^
  x86 ^
  --os-version ^
  24 ^
  --stl ^
  c++_shared ^
  --ndk-version ^
  27 ^
  --output ^
  "C:\\Users\\teemm\\AppData\\Local\\Temp\\agp-prefab-staging1581398154538961695\\staged-cli-output" ^
  "C:\\Users\\teemm\\reacte_projets\\EmpireCut\\android\\app\\build\\intermediates\\cxx\\refs\\react-native-worklets\\4w1c5b3v" ^
  "C:\\Users\\teemm\\.gradle\\caches\\9.3.1\\transforms\\1a811400cc0489cd26373fbd36604dfc\\workspace\\transformed\\react-android-0.85.3-release\\prefab" ^
  "C:\\Users\\teemm\\reacte_projets\\EmpireCut\\android\\app\\build\\intermediates\\cxx\\refs\\react-native-reanimated\\4k2t3ex2" ^
  "C:\\Users\\teemm\\.gradle\\caches\\9.3.1\\transforms\\948bc2767943b0aed6251e9b86208553\\workspace\\transformed\\hermes-android-250829098.0.10-release\\prefab" ^
  "C:\\Users\\teemm\\.gradle\\caches\\9.3.1\\transforms\\3c01aea05d2737e987399f1309ae090e\\workspace\\transformed\\fbjni-0.7.0\\prefab"

Starting process 'command 'C:\Users\teemm\reacte_projets\EmpireCut\android\app\build\intermediates\cxx\RelWithDebInfo\1n3t6u49\logs\x86\prefab_command.bat''. Working directory: C:\Users\teemm\reacte_projets\EmpireCut\android\app Command: C:\Users\teemm\reacte_projets\EmpireCut\android\app\build\intermediates\cxx\RelWithDebInfo\1n3t6u49\logs\x86\prefab_command.bat 
Successfully started process 'command 'C:\Users\teemm\reacte_projets\EmpireCut\android\app\build\intermediates\cxx\RelWithDebInfo\1n3t6u49\logs\x86\prefab_command.bat''
C/C++: C:\Users\teemm\reacte_projets\EmpireCut\node_modules\react-native\ReactAndroid\cmake-utils\default-app-setup\CMakeLists.txt release|x86 : Received process result: 0
C/C++: C:\Users\teemm\reacte_projets\EmpireCut\node_modules\react-native\ReactAndroid\cmake-utils\default-app-setup\CMakeLists.txt release|x86 : removing stale contents from 'C:\Users\teemm\reacte_projets\EmpireCut\android\app\.cxx\RelWithDebInfo\1n3t6u49\x86'
C/C++: C:\Users\teemm\reacte_projets\EmpireCut\node_modules\react-native\ReactAndroid\cmake-utils\default-app-setup\CMakeLists.txt release|x86 : created folder 'C:\Users\teemm\reacte_projets\EmpireCut\android\app\.cxx\RelWithDebInfo\1n3t6u49\x86'
C/C++: C:\Users\teemm\reacte_projets\EmpireCut\node_modules\react-native\ReactAndroid\cmake-utils\default-app-setup\CMakeLists.txt release|x86 : executing cmake @echo off
"C:\\Users\\teemm\\AppData\\Local\\Android\\Sdk\\cmake\\3.22.1\\bin\\cmake.exe" ^
  "-HC:\\Users\\teemm\\reacte_projets\\EmpireCut\\node_modules\\react-native\\ReactAndroid\\cmake-utils\\default-app-setup" ^
  "-DCMAKE_SYSTEM_NAME=Android" ^
  "-DCMAKE_EXPORT_COMPILE_COMMANDS=ON" ^
  "-DCMAKE_SYSTEM_VERSION=24" ^
  "-DANDROID_PLATFORM=android-24" ^
  "-DANDROID_ABI=x86" ^
  "-DCMAKE_ANDROID_ARCH_ABI=x86" ^
  "-DANDROID_NDK=C:\\Users\\teemm\\AppData\\Local\\Android\\Sdk\\ndk\\27.1.12297006" ^
  "-DCMAKE_ANDROID_NDK=C:\\Users\\teemm\\AppData\\Local\\Android\\Sdk\\ndk\\27.1.12297006" ^
  "-DCMAKE_TOOLCHAIN_FILE=C:\\Users\\teemm\\AppData\\Local\\Android\\Sdk\\ndk\\27.1.12297006\\build\\cmake\\android.toolchain.cmake" ^
  "-DCMAKE_MAKE_PROGRAM=C:\\Users\\teemm\\AppData\\Local\\Android\\Sdk\\cmake\\3.22.1\\bin\\ninja.exe" ^
  "-DCMAKE_LIBRARY_OUTPUT_DIRECTORY=C:\\Users\\teemm\\reacte_projets\\EmpireCut\\android\\app\\build\\intermediates\\cxx\\RelWithDebInfo\\1n3t6u49\\obj\\x86" ^
  "-DCMAKE_RUNTIME_OUTPUT_DIRECTORY=C:\\Users\\teemm\\reacte_projets\\EmpireCut\\android\\app\\build\\intermediates\\cxx\\RelWithDebInfo\\1n3t6u49\\obj\\x86" ^
  "-DCMAKE_BUILD_TYPE=RelWithDebInfo" ^
  "-DCMAKE_FIND_ROOT_PATH=C:\\Users\\teemm\\reacte_projets\\EmpireCut\\android\\app\\.cxx\\RelWithDebInfo\\1n3t6u49\\prefab\\x86\\prefab" ^
  "-BC:\\Users\\teemm\\reacte_projets\\EmpireCut\\android\\app\\.cxx\\RelWithDebInfo\\1n3t6u49\\x86" ^
  -GNinja ^
  "-DPROJECT_BUILD_DIR=C:\\Users\\teemm\\reacte_projets\\EmpireCut\\android\\app\\build" ^
  "-DPROJECT_ROOT_DIR=C:\\Users\\teemm\\reacte_projets\\EmpireCut\\android" ^
  "-DREACT_ANDROID_DIR=C:\\Users\\teemm\\reacte_projets\\EmpireCut\\node_modules\\react-native\\ReactAndroid" ^
  "-DANDROID_STL=c++_shared" ^
  "-DANDROID_SUPPORT_FLEXIBLE_PAGE_SIZES=ON"

C/C++: C:\Users\teemm\reacte_projets\EmpireCut\node_modules\react-native\ReactAndroid\cmake-utils\default-app-setup\CMakeLists.txt release|x86 : @echo off
"C:\\Users\\teemm\\AppData\\Local\\Android\\Sdk\\cmake\\3.22.1\\bin\\cmake.exe" ^
  "-HC:\\Users\\teemm\\reacte_projets\\EmpireCut\\node_modules\\react-native\\ReactAndroid\\cmake-utils\\default-app-setup" ^
  "-DCMAKE_SYSTEM_NAME=Android" ^
  "-DCMAKE_EXPORT_COMPILE_COMMANDS=ON" ^
  "-DCMAKE_SYSTEM_VERSION=24" ^
  "-DANDROID_PLATFORM=android-24" ^
  "-DANDROID_ABI=x86" ^
  "-DCMAKE_ANDROID_ARCH_ABI=x86" ^
  "-DANDROID_NDK=C:\\Users\\teemm\\AppData\\Local\\Android\\Sdk\\ndk\\27.1.12297006" ^
  "-DCMAKE_ANDROID_NDK=C:\\Users\\teemm\\AppData\\Local\\Android\\Sdk\\ndk\\27.1.12297006" ^
  "-DCMAKE_TOOLCHAIN_FILE=C:\\Users\\teemm\\AppData\\Local\\Android\\Sdk\\ndk\\27.1.12297006\\build\\cmake\\android.toolchain.cmake" ^
  "-DCMAKE_MAKE_PROGRAM=C:\\Users\\teemm\\AppData\\Local\\Android\\Sdk\\cmake\\3.22.1\\bin\\ninja.exe" ^
  "-DCMAKE_LIBRARY_OUTPUT_DIRECTORY=C:\\Users\\teemm\\reacte_projets\\EmpireCut\\android\\app\\build\\intermediates\\cxx\\RelWithDebInfo\\1n3t6u49\\obj\\x86" ^
  "-DCMAKE_RUNTIME_OUTPUT_DIRECTORY=C:\\Users\\teemm\\reacte_projets\\EmpireCut\\android\\app\\build\\intermediates\\cxx\\RelWithDebInfo\\1n3t6u49\\obj\\x86" ^
  "-DCMAKE_BUILD_TYPE=RelWithDebInfo" ^
  "-DCMAKE_FIND_ROOT_PATH=C:\\Users\\teemm\\reacte_projets\\EmpireCut\\android\\app\\.cxx\\RelWithDebInfo\\1n3t6u49\\prefab\\x86\\prefab" ^
  "-BC:\\Users\\teemm\\reacte_projets\\EmpireCut\\android\\app\\.cxx\\RelWithDebInfo\\1n3t6u49\\x86" ^
  -GNinja ^
  "-DPROJECT_BUILD_DIR=C:\\Users\\teemm\\reacte_projets\\EmpireCut\\android\\app\\build" ^
  "-DPROJECT_ROOT_DIR=C:\\Users\\teemm\\reacte_projets\\EmpireCut\\android" ^
  "-DREACT_ANDROID_DIR=C:\\Users\\teemm\\reacte_projets\\EmpireCut\\node_modules\\react-native\\ReactAndroid" ^
  "-DANDROID_STL=c++_shared" ^
  "-DANDROID_SUPPORT_FLEXIBLE_PAGE_SIZES=ON"

Starting process 'command 'C:\Users\teemm\AppData\Local\Android\Sdk\cmake\3.22.1\bin\cmake.exe''. Working directory: C:\Users\teemm\reacte_projets\EmpireCut\android\app Command: C:\Users\teemm\AppData\Local\Android\Sdk\cmake\3.22.1\bin\cmake.exe -HC:\Users\teemm\reacte_projets\EmpireCut\node_modules\react-native\ReactAndroid\cmake-utils\default-app-setup -DCMAKE_SYSTEM_NAME=Android -DCMAKE_EXPORT_COMPILE_COMMANDS=ON -DCMAKE_SYSTEM_VERSION=24 -DANDROID_PLATFORM=android-24 -DANDROID_ABI=x86 -DCMAKE_ANDROID_ARCH_ABI=x86 -DANDROID_NDK=C:\Users\teemm\AppData\Local\Android\Sdk\ndk\27.1.12297006 -DCMAKE_ANDROID_NDK=C:\Users\teemm\AppData\Local\Android\Sdk\ndk\27.1.12297006 -DCMAKE_TOOLCHAIN_FILE=C:\Users\teemm\AppData\Local\Android\Sdk\ndk\27.1.12297006\build\cmake\android.toolchain.cmake -DCMAKE_MAKE_PROGRAM=C:\Users\teemm\AppData\Local\Android\Sdk\cmake\3.22.1\bin\ninja.exe -DCMAKE_LIBRARY_OUTPUT_DIRECTORY=C:\Users\teemm\reacte_projets\EmpireCut\android\app\build\intermediates\cxx\RelWithDebInfo\1n3t6u49\obj\x86 -DCMAKE_RUNTIME_OUTPUT_DIRECTORY=C:\Users\teemm\reacte_projets\EmpireCut\android\app\build\intermediates\cxx\RelWithDebInfo\1n3t6u49\obj\x86 -DCMAKE_BUILD_TYPE=RelWithDebInfo -DCMAKE_FIND_ROOT_PATH=C:\Users\teemm\reacte_projets\EmpireCut\android\app\.cxx\RelWithDebInfo\1n3t6u49\prefab\x86\prefab -BC:\Users\teemm\reacte_projets\EmpireCut\android\app\.cxx\RelWithDebInfo\1n3t6u49\x86 -GNinja -DPROJECT_BUILD_DIR=C:\Users\teemm\reacte_projets\EmpireCut\android\app\build -DPROJECT_ROOT_DIR=C:\Users\teemm\reacte_projets\EmpireCut\android -DREACT_ANDROID_DIR=C:\Users\teemm\reacte_projets\EmpireCut\node_modules\react-native\ReactAndroid -DANDROID_STL=c++_shared -DANDROID_SUPPORT_FLEXIBLE_PAGE_SIZES=ON
Successfully started process 'command 'C:\Users\teemm\AppData\Local\Android\Sdk\cmake\3.22.1\bin\cmake.exe''
C/C++: C:\Users\teemm\reacte_projets\EmpireCut\node_modules\react-native\ReactAndroid\cmake-utils\default-app-setup\CMakeLists.txt release|x86 : Received process result: 0
C/C++: C:\Users\teemm\reacte_projets\EmpireCut\node_modules\react-native\ReactAndroid\cmake-utils\default-app-setup\CMakeLists.txt release|x86 : Exiting generation of C:\Users\teemm\reacte_projets\EmpireCut\android\app\.cxx\RelWithDebInfo\1n3t6u49\x86\compile_commands.json.bin normally
C/C++: C:\Users\teemm\reacte_projets\EmpireCut\node_modules\react-native\ReactAndroid\cmake-utils\default-app-setup\CMakeLists.txt release|x86 : done executing cmake
C/C++: C:\Users\teemm\reacte_projets\EmpireCut\node_modules\react-native\ReactAndroid\cmake-utils\default-app-setup\CMakeLists.txt release|x86 : hard linked C:\Users\teemm\reacte_projets\EmpireCut\android\app\.cxx\RelWithDebInfo\1n3t6u49\x86\compile_commands.json to C:\Users\teemm\reacte_projets\EmpireCut\android\app\.cxx\tools\release\x86\compile_commands.json
C/C++: C:\Users\teemm\reacte_projets\EmpireCut\node_modules\react-native\ReactAndroid\cmake-utils\default-app-setup\CMakeLists.txt release|x86 : JSON generation completed without problems
C/C++: C:\Users\teemm\reacte_projets\EmpireCut\node_modules\react-native\ReactAndroid\cmake-utils\default-app-setup\CMakeLists.txt release|x86 : Writing build model to C:\Users\teemm\reacte_projets\EmpireCut\android\app\build\intermediates\cxx\RelWithDebInfo\1n3t6u49\logs\x86\build_model.json
Resolve mutations for :app:buildCMakeRelWithDebInfo[x86] (Thread[included builds Thread 2,5,main]) started.
:app:buildCMakeRelWithDebInfo[x86] (Thread[included builds Thread 2,5,main]) started.

> Task :app:buildCMakeRelWithDebInfo[x86]
Deleting stale output file: C:\Users\teemm\reacte_projets\EmpireCut\android\app\build\intermediates\cxx\RelWithDebInfo\1n3t6u49\obj\x86
Caching disabled for task ':app:buildCMakeRelWithDebInfo[x86]' because:
  Build cache is disabled
  Caching has been disabled for the task
Task ':app:buildCMakeRelWithDebInfo[x86]' is not up-to-date because:
  Task.upToDateWhen is false.
C/C++: starting build
C/C++: reading expected JSONs
C/C++: done reading expected JSONs
C/C++: executing build commands for targets that produce .so files or executables
C/C++: evaluate miniconfig
C/C++: evaluate library react_codegen_rnreanimated (x86)
C/C++: not building target react_codegen_rnreanimated because no targets are specified and library build output file is null
C/C++: evaluate library react_codegen_safeareacontext (x86)
C/C++: building target library react_codegen_safeareacontext because no targets are specified.
C/C++: evaluate library react_codegen_rngesturehandler_codegen (x86)
C/C++: not building target react_codegen_rngesturehandler_codegen because no targets are specified and library build output file is null
C/C++: evaluate library react_codegen_RNImagePickerSpec (x86)
C/C++: not building target react_codegen_RNImagePickerSpec because no targets are specified and library build output file is null
C/C++: evaluate library react_codegen_rnscreens (x86)
C/C++: building target library react_codegen_rnscreens because no targets are specified.
C/C++: evaluate library appmodules (x86)
C/C++: building target library appmodules because no targets are specified.
C/C++: evaluate library react_codegen_AsyncStorageSpec (x86)
C/C++: not building target react_codegen_AsyncStorageSpec because no targets are specified and library build output file is null
C/C++: evaluate library react_codegen_rnworklets (x86)
C/C++: not building target react_codegen_rnworklets because no targets are specified and library build output file is null
C/C++: about to build targets appmodules, react_codegen_rnscreens, react_codegen_safeareacontext
C/C++: Build multiple targets react_codegen_safeareacontext_x86 react_codegen_rnscreens_x86 appmodules_x86
C/C++: @echo off
"C:\\Users\\teemm\\AppData\\Local\\Android\\Sdk\\cmake\\3.22.1\\bin\\ninja.exe" ^
  -C ^
  "C:\\Users\\teemm\\reacte_projets\\EmpireCut\\android\\app\\.cxx\\RelWithDebInfo\\1n3t6u49\\x86" ^
  appmodules ^
  react_codegen_rnscreens ^
  react_codegen_safeareacontext

Starting process 'command 'C:\Users\teemm\AppData\Local\Android\Sdk\cmake\3.22.1\bin\ninja.exe''. Working directory: C:\Users\teemm\reacte_projets\EmpireCut\android\app Command: C:\Users\teemm\AppData\Local\Android\Sdk\cmake\3.22.1\bin\ninja.exe -C C:\Users\teemm\reacte_projets\EmpireCut\android\app\.cxx\RelWithDebInfo\1n3t6u49\x86 appmodules react_codegen_rnscreens react_codegen_safeareacontext
Successfully started process 'command 'C:\Users\teemm\AppData\Local\Android\Sdk\cmake\3.22.1\bin\ninja.exe''
C/C++: Received process result: 0
C/C++: check expected build outputs
C/C++: hard linked C:\Users\teemm\.gradle\caches\9.3.1\transforms\3c01aea05d2737e987399f1309ae090e\workspace\transformed\fbjni-0.7.0\prefab\modules\fbjni\libs\android.x86\libfbjni.so to C:\Users\teemm\reacte_projets\EmpireCut\android\app\build\intermediates\cxx\RelWithDebInfo\1n3t6u49\obj\x86\libfbjni.so
C/C++: hard linked C:\Users\teemm\.gradle\caches\9.3.1\transforms\1a811400cc0489cd26373fbd36604dfc\workspace\transformed\react-android-0.85.3-release\prefab\modules\jsi\libs\android.x86\libjsi.so to C:\Users\teemm\reacte_projets\EmpireCut\android\app\build\intermediates\cxx\RelWithDebInfo\1n3t6u49\obj\x86\libjsi.so
C/C++: hard linked C:\Users\teemm\.gradle\caches\9.3.1\transforms\1a811400cc0489cd26373fbd36604dfc\workspace\transformed\react-android-0.85.3-release\prefab\modules\reactnative\libs\android.x86\libreactnative.so to C:\Users\teemm\reacte_projets\EmpireCut\android\app\build\intermediates\cxx\RelWithDebInfo\1n3t6u49\obj\x86\libreactnative.so
C/C++: hard linked C:\Users\teemm\AppData\Local\Android\Sdk\ndk\27.1.12297006\toolchains\llvm\prebuilt\windows-x86_64\sysroot\usr\lib\i686-linux-android\libc++_shared.so to C:\Users\teemm\reacte_projets\EmpireCut\android\app\build\intermediates\cxx\RelWithDebInfo\1n3t6u49\obj\x86\libc++_shared.so
C/C++: build complete
Resolve mutations for :app:configureCMakeRelWithDebInfo[x86_64] (Thread[included builds Thread 2,5,main]) started.
:app:configureCMakeRelWithDebInfo[x86_64] (Thread[included builds Thread 2,5,main]) started.

> Task :app:configureCMakeRelWithDebInfo[x86_64]
Caching disabled for task ':app:configureCMakeRelWithDebInfo[x86_64]' because:
  Build cache is disabled
  Caching has been disabled for the task
Task ':app:configureCMakeRelWithDebInfo[x86_64]' is not up-to-date because:
  Task.upToDateWhen is false.
C/C++: C:\Users\teemm\reacte_projets\EmpireCut\node_modules\react-native\ReactAndroid\cmake-utils\default-app-setup\CMakeLists.txt release|x86_64 : Start JSON generation. Platform version: 24 min SDK version: x86_64
C/C++: C:\Users\teemm\reacte_projets\EmpireCut\node_modules\react-native\ReactAndroid\cmake-utils\default-app-setup\CMakeLists.txt release|x86_64 : rebuilding JSON C:\Users\teemm\reacte_projets\EmpireCut\android\app\.cxx\RelWithDebInfo\1n3t6u49\x86_64\android_gradle_build.json due to:
C/C++: C:\Users\teemm\reacte_projets\EmpireCut\node_modules\react-native\ReactAndroid\cmake-utils\default-app-setup\CMakeLists.txt release|x86_64 : - no fingerprint file, will remove stale configuration folder
C/C++: C:\Users\teemm\reacte_projets\EmpireCut\node_modules\react-native\ReactAndroid\cmake-utils\default-app-setup\CMakeLists.txt release|x86_64 : @echo off
"C:\\Program Files\\Eclipse Adoptium\\jdk-17.0.15.6-hotspot\\bin\\java" ^
  --class-path ^
  "C:\\Users\\teemm\\.gradle\\caches\\modules-2\\files-2.1\\com.google.prefab\\cli\\2.1.0\\aa32fec809c44fa531f01dcfb739b5b3304d3050\\cli-2.1.0-all.jar" ^
  com.google.prefab.cli.AppKt ^
  --build-system ^
  cmake ^
  --platform ^
  android ^
  --abi ^
  x86_64 ^
  --os-version ^
  24 ^
  --stl ^
  c++_shared ^
  --ndk-version ^
  27 ^
  --output ^
  "C:\\Users\\teemm\\AppData\\Local\\Temp\\agp-prefab-staging15513856206072707039\\staged-cli-output" ^
  "C:\\Users\\teemm\\reacte_projets\\EmpireCut\\android\\app\\build\\intermediates\\cxx\\refs\\react-native-worklets\\16hj5z3t" ^
  "C:\\Users\\teemm\\.gradle\\caches\\9.3.1\\transforms\\1a811400cc0489cd26373fbd36604dfc\\workspace\\transformed\\react-android-0.85.3-release\\prefab" ^
  "C:\\Users\\teemm\\reacte_projets\\EmpireCut\\android\\app\\build\\intermediates\\cxx\\refs\\react-native-reanimated\\1o16r3d5" ^
  "C:\\Users\\teemm\\.gradle\\caches\\9.3.1\\transforms\\948bc2767943b0aed6251e9b86208553\\workspace\\transformed\\hermes-android-250829098.0.10-release\\prefab" ^
  "C:\\Users\\teemm\\.gradle\\caches\\9.3.1\\transforms\\3c01aea05d2737e987399f1309ae090e\\workspace\\transformed\\fbjni-0.7.0\\prefab"

Starting process 'command 'C:\Users\teemm\reacte_projets\EmpireCut\android\app\build\intermediates\cxx\RelWithDebInfo\1n3t6u49\logs\x86_64\prefab_command.bat''. Working directory: C:\Users\teemm\reacte_projets\EmpireCut\android\app Command: C:\Users\teemm\reacte_projets\EmpireCut\android\app\build\intermediates\cxx\RelWithDebInfo\1n3t6u49\logs\x86_64\prefab_command.bat 
Successfully started process 'command 'C:\Users\teemm\reacte_projets\EmpireCut\android\app\build\intermediates\cxx\RelWithDebInfo\1n3t6u49\logs\x86_64\prefab_command.bat''
C/C++: C:\Users\teemm\reacte_projets\EmpireCut\node_modules\react-native\ReactAndroid\cmake-utils\default-app-setup\CMakeLists.txt release|x86_64 : Received process result: 0
C/C++: C:\Users\teemm\reacte_projets\EmpireCut\node_modules\react-native\ReactAndroid\cmake-utils\default-app-setup\CMakeLists.txt release|x86_64 : removing stale contents from 'C:\Users\teemm\reacte_projets\EmpireCut\android\app\.cxx\RelWithDebInfo\1n3t6u49\x86_64'
C/C++: C:\Users\teemm\reacte_projets\EmpireCut\node_modules\react-native\ReactAndroid\cmake-utils\default-app-setup\CMakeLists.txt release|x86_64 : created folder 'C:\Users\teemm\reacte_projets\EmpireCut\android\app\.cxx\RelWithDebInfo\1n3t6u49\x86_64'
C/C++: C:\Users\teemm\reacte_projets\EmpireCut\node_modules\react-native\ReactAndroid\cmake-utils\default-app-setup\CMakeLists.txt release|x86_64 : executing cmake @echo off
"C:\\Users\\teemm\\AppData\\Local\\Android\\Sdk\\cmake\\3.22.1\\bin\\cmake.exe" ^
  "-HC:\\Users\\teemm\\reacte_projets\\EmpireCut\\node_modules\\react-native\\ReactAndroid\\cmake-utils\\default-app-setup" ^
  "-DCMAKE_SYSTEM_NAME=Android" ^
  "-DCMAKE_EXPORT_COMPILE_COMMANDS=ON" ^
  "-DCMAKE_SYSTEM_VERSION=24" ^
  "-DANDROID_PLATFORM=android-24" ^
  "-DANDROID_ABI=x86_64" ^
  "-DCMAKE_ANDROID_ARCH_ABI=x86_64" ^
  "-DANDROID_NDK=C:\\Users\\teemm\\AppData\\Local\\Android\\Sdk\\ndk\\27.1.12297006" ^
  "-DCMAKE_ANDROID_NDK=C:\\Users\\teemm\\AppData\\Local\\Android\\Sdk\\ndk\\27.1.12297006" ^
  "-DCMAKE_TOOLCHAIN_FILE=C:\\Users\\teemm\\AppData\\Local\\Android\\Sdk\\ndk\\27.1.12297006\\build\\cmake\\android.toolchain.cmake" ^
  "-DCMAKE_MAKE_PROGRAM=C:\\Users\\teemm\\AppData\\Local\\Android\\Sdk\\cmake\\3.22.1\\bin\\ninja.exe" ^
  "-DCMAKE_LIBRARY_OUTPUT_DIRECTORY=C:\\Users\\teemm\\reacte_projets\\EmpireCut\\android\\app\\build\\intermediates\\cxx\\RelWithDebInfo\\1n3t6u49\\obj\\x86_64" ^
  "-DCMAKE_RUNTIME_OUTPUT_DIRECTORY=C:\\Users\\teemm\\reacte_projets\\EmpireCut\\android\\app\\build\\intermediates\\cxx\\RelWithDebInfo\\1n3t6u49\\obj\\x86_64" ^
  "-DCMAKE_BUILD_TYPE=RelWithDebInfo" ^
  "-DCMAKE_FIND_ROOT_PATH=C:\\Users\\teemm\\reacte_projets\\EmpireCut\\android\\app\\.cxx\\RelWithDebInfo\\1n3t6u49\\prefab\\x86_64\\prefab" ^
  "-BC:\\Users\\teemm\\reacte_projets\\EmpireCut\\android\\app\\.cxx\\RelWithDebInfo\\1n3t6u49\\x86_64" ^
  -GNinja ^
  "-DPROJECT_BUILD_DIR=C:\\Users\\teemm\\reacte_projets\\EmpireCut\\android\\app\\build" ^
  "-DPROJECT_ROOT_DIR=C:\\Users\\teemm\\reacte_projets\\EmpireCut\\android" ^
  "-DREACT_ANDROID_DIR=C:\\Users\\teemm\\reacte_projets\\EmpireCut\\node_modules\\react-native\\ReactAndroid" ^
  "-DANDROID_STL=c++_shared" ^
  "-DANDROID_SUPPORT_FLEXIBLE_PAGE_SIZES=ON"

C/C++: C:\Users\teemm\reacte_projets\EmpireCut\node_modules\react-native\ReactAndroid\cmake-utils\default-app-setup\CMakeLists.txt release|x86_64 : @echo off
"C:\\Users\\teemm\\AppData\\Local\\Android\\Sdk\\cmake\\3.22.1\\bin\\cmake.exe" ^
  "-HC:\\Users\\teemm\\reacte_projets\\EmpireCut\\node_modules\\react-native\\ReactAndroid\\cmake-utils\\default-app-setup" ^
  "-DCMAKE_SYSTEM_NAME=Android" ^
  "-DCMAKE_EXPORT_COMPILE_COMMANDS=ON" ^
  "-DCMAKE_SYSTEM_VERSION=24" ^
  "-DANDROID_PLATFORM=android-24" ^
  "-DANDROID_ABI=x86_64" ^
  "-DCMAKE_ANDROID_ARCH_ABI=x86_64" ^
  "-DANDROID_NDK=C:\\Users\\teemm\\AppData\\Local\\Android\\Sdk\\ndk\\27.1.12297006" ^
  "-DCMAKE_ANDROID_NDK=C:\\Users\\teemm\\AppData\\Local\\Android\\Sdk\\ndk\\27.1.12297006" ^
  "-DCMAKE_TOOLCHAIN_FILE=C:\\Users\\teemm\\AppData\\Local\\Android\\Sdk\\ndk\\27.1.12297006\\build\\cmake\\android.toolchain.cmake" ^
  "-DCMAKE_MAKE_PROGRAM=C:\\Users\\teemm\\AppData\\Local\\Android\\Sdk\\cmake\\3.22.1\\bin\\ninja.exe" ^
  "-DCMAKE_LIBRARY_OUTPUT_DIRECTORY=C:\\Users\\teemm\\reacte_projets\\EmpireCut\\android\\app\\build\\intermediates\\cxx\\RelWithDebInfo\\1n3t6u49\\obj\\x86_64" ^
  "-DCMAKE_RUNTIME_OUTPUT_DIRECTORY=C:\\Users\\teemm\\reacte_projets\\EmpireCut\\android\\app\\build\\intermediates\\cxx\\RelWithDebInfo\\1n3t6u49\\obj\\x86_64" ^
  "-DCMAKE_BUILD_TYPE=RelWithDebInfo" ^
  "-DCMAKE_FIND_ROOT_PATH=C:\\Users\\teemm\\reacte_projets\\EmpireCut\\android\\app\\.cxx\\RelWithDebInfo\\1n3t6u49\\prefab\\x86_64\\prefab" ^
  "-BC:\\Users\\teemm\\reacte_projets\\EmpireCut\\android\\app\\.cxx\\RelWithDebInfo\\1n3t6u49\\x86_64" ^
  -GNinja ^
  "-DPROJECT_BUILD_DIR=C:\\Users\\teemm\\reacte_projets\\EmpireCut\\android\\app\\build" ^
  "-DPROJECT_ROOT_DIR=C:\\Users\\teemm\\reacte_projets\\EmpireCut\\android" ^
  "-DREACT_ANDROID_DIR=C:\\Users\\teemm\\reacte_projets\\EmpireCut\\node_modules\\react-native\\ReactAndroid" ^
  "-DANDROID_STL=c++_shared" ^
  "-DANDROID_SUPPORT_FLEXIBLE_PAGE_SIZES=ON"

Starting process 'command 'C:\Users\teemm\AppData\Local\Android\Sdk\cmake\3.22.1\bin\cmake.exe''. Working directory: C:\Users\teemm\reacte_projets\EmpireCut\android\app Command: C:\Users\teemm\AppData\Local\Android\Sdk\cmake\3.22.1\bin\cmake.exe -HC:\Users\teemm\reacte_projets\EmpireCut\node_modules\react-native\ReactAndroid\cmake-utils\default-app-setup -DCMAKE_SYSTEM_NAME=Android -DCMAKE_EXPORT_COMPILE_COMMANDS=ON -DCMAKE_SYSTEM_VERSION=24 -DANDROID_PLATFORM=android-24 -DANDROID_ABI=x86_64 -DCMAKE_ANDROID_ARCH_ABI=x86_64 -DANDROID_NDK=C:\Users\teemm\AppData\Local\Android\Sdk\ndk\27.1.12297006 -DCMAKE_ANDROID_NDK=C:\Users\teemm\AppData\Local\Android\Sdk\ndk\27.1.12297006 -DCMAKE_TOOLCHAIN_FILE=C:\Users\teemm\AppData\Local\Android\Sdk\ndk\27.1.12297006\build\cmake\android.toolchain.cmake -DCMAKE_MAKE_PROGRAM=C:\Users\teemm\AppData\Local\Android\Sdk\cmake\3.22.1\bin\ninja.exe -DCMAKE_LIBRARY_OUTPUT_DIRECTORY=C:\Users\teemm\reacte_projets\EmpireCut\android\app\build\intermediates\cxx\RelWithDebInfo\1n3t6u49\obj\x86_64 -DCMAKE_RUNTIME_OUTPUT_DIRECTORY=C:\Users\teemm\reacte_projets\EmpireCut\android\app\build\intermediates\cxx\RelWithDebInfo\1n3t6u49\obj\x86_64 -DCMAKE_BUILD_TYPE=RelWithDebInfo -DCMAKE_FIND_ROOT_PATH=C:\Users\teemm\reacte_projets\EmpireCut\android\app\.cxx\RelWithDebInfo\1n3t6u49\prefab\x86_64\prefab -BC:\Users\teemm\reacte_projets\EmpireCut\android\app\.cxx\RelWithDebInfo\1n3t6u49\x86_64 -GNinja -DPROJECT_BUILD_DIR=C:\Users\teemm\reacte_projets\EmpireCut\android\app\build -DPROJECT_ROOT_DIR=C:\Users\teemm\reacte_projets\EmpireCut\android -DREACT_ANDROID_DIR=C:\Users\teemm\reacte_projets\EmpireCut\node_modules\react-native\ReactAndroid -DANDROID_STL=c++_shared -DANDROID_SUPPORT_FLEXIBLE_PAGE_SIZES=ON
Successfully started process 'command 'C:\Users\teemm\AppData\Local\Android\Sdk\cmake\3.22.1\bin\cmake.exe''
C/C++: C:\Users\teemm\reacte_projets\EmpireCut\node_modules\react-native\ReactAndroid\cmake-utils\default-app-setup\CMakeLists.txt release|x86_64 : Received process result: 0
C/C++: C:\Users\teemm\reacte_projets\EmpireCut\node_modules\react-native\ReactAndroid\cmake-utils\default-app-setup\CMakeLists.txt release|x86_64 : Exiting generation of C:\Users\teemm\reacte_projets\EmpireCut\android\app\.cxx\RelWithDebInfo\1n3t6u49\x86_64\compile_commands.json.bin normally
C/C++: C:\Users\teemm\reacte_projets\EmpireCut\node_modules\react-native\ReactAndroid\cmake-utils\default-app-setup\CMakeLists.txt release|x86_64 : done executing cmake
C/C++: C:\Users\teemm\reacte_projets\EmpireCut\node_modules\react-native\ReactAndroid\cmake-utils\default-app-setup\CMakeLists.txt release|x86_64 : hard linked C:\Users\teemm\reacte_projets\EmpireCut\android\app\.cxx\RelWithDebInfo\1n3t6u49\x86_64\compile_commands.json to C:\Users\teemm\reacte_projets\EmpireCut\android\app\.cxx\tools\release\x86_64\compile_commands.json
C/C++: C:\Users\teemm\reacte_projets\EmpireCut\node_modules\react-native\ReactAndroid\cmake-utils\default-app-setup\CMakeLists.txt release|x86_64 : JSON generation completed without problems
C/C++: C:\Users\teemm\reacte_projets\EmpireCut\node_modules\react-native\ReactAndroid\cmake-utils\default-app-setup\CMakeLists.txt release|x86_64 : Writing build model to C:\Users\teemm\reacte_projets\EmpireCut\android\app\build\intermediates\cxx\RelWithDebInfo\1n3t6u49\logs\x86_64\build_model.json
Resolve mutations for :app:buildCMakeRelWithDebInfo[x86_64] (Thread[included builds Thread 2,5,main]) started.
:app:buildCMakeRelWithDebInfo[x86_64] (Thread[included builds Thread 2,5,main]) started.

> Task :app:buildCMakeRelWithDebInfo[x86_64]
Deleting stale output file: C:\Users\teemm\reacte_projets\EmpireCut\android\app\build\intermediates\cxx\RelWithDebInfo\1n3t6u49\obj\x86_64
Caching disabled for task ':app:buildCMakeRelWithDebInfo[x86_64]' because:
  Build cache is disabled
  Caching has been disabled for the task
Task ':app:buildCMakeRelWithDebInfo[x86_64]' is not up-to-date because:
  Task.upToDateWhen is false.
C/C++: starting build
C/C++: reading expected JSONs
C/C++: done reading expected JSONs
C/C++: executing build commands for targets that produce .so files or executables
C/C++: evaluate miniconfig
C/C++: evaluate library react_codegen_rnreanimated (x86_64)
C/C++: not building target react_codegen_rnreanimated because no targets are specified and library build output file is null
C/C++: evaluate library react_codegen_safeareacontext (x86_64)
C/C++: building target library react_codegen_safeareacontext because no targets are specified.
C/C++: evaluate library react_codegen_rngesturehandler_codegen (x86_64)
C/C++: not building target react_codegen_rngesturehandler_codegen because no targets are specified and library build output file is null
C/C++: evaluate library react_codegen_RNImagePickerSpec (x86_64)
C/C++: not building target react_codegen_RNImagePickerSpec because no targets are specified and library build output file is null
C/C++: evaluate library react_codegen_rnscreens (x86_64)
C/C++: building target library react_codegen_rnscreens because no targets are specified.
C/C++: evaluate library appmodules (x86_64)
C/C++: building target library appmodules because no targets are specified.
C/C++: evaluate library react_codegen_AsyncStorageSpec (x86_64)
C/C++: not building target react_codegen_AsyncStorageSpec because no targets are specified and library build output file is null
C/C++: evaluate library react_codegen_rnworklets (x86_64)
C/C++: not building target react_codegen_rnworklets because no targets are specified and library build output file is null
C/C++: about to build targets appmodules, react_codegen_rnscreens, react_codegen_safeareacontext
C/C++: Build multiple targets react_codegen_safeareacontext_x86_64 react_codegen_rnscreens_x86_64 appmodules_x86_64
C/C++: @echo off
"C:\\Users\\teemm\\AppData\\Local\\Android\\Sdk\\cmake\\3.22.1\\bin\\ninja.exe" ^
  -C ^
  "C:\\Users\\teemm\\reacte_projets\\EmpireCut\\android\\app\\.cxx\\RelWithDebInfo\\1n3t6u49\\x86_64" ^
  appmodules ^
  react_codegen_rnscreens ^
  react_codegen_safeareacontext

Starting process 'command 'C:\Users\teemm\AppData\Local\Android\Sdk\cmake\3.22.1\bin\ninja.exe''. Working directory: C:\Users\teemm\reacte_projets\EmpireCut\android\app Command: C:\Users\teemm\AppData\Local\Android\Sdk\cmake\3.22.1\bin\ninja.exe -C C:\Users\teemm\reacte_projets\EmpireCut\android\app\.cxx\RelWithDebInfo\1n3t6u49\x86_64 appmodules react_codegen_rnscreens react_codegen_safeareacontext
Successfully started process 'command 'C:\Users\teemm\AppData\Local\Android\Sdk\cmake\3.22.1\bin\ninja.exe''
C/C++: Received process result: 0
C/C++: check expected build outputs
C/C++: hard linked C:\Users\teemm\.gradle\caches\9.3.1\transforms\3c01aea05d2737e987399f1309ae090e\workspace\transformed\fbjni-0.7.0\prefab\modules\fbjni\libs\android.x86_64\libfbjni.so to C:\Users\teemm\reacte_projets\EmpireCut\android\app\build\intermediates\cxx\RelWithDebInfo\1n3t6u49\obj\x86_64\libfbjni.so
C/C++: hard linked C:\Users\teemm\.gradle\caches\9.3.1\transforms\1a811400cc0489cd26373fbd36604dfc\workspace\transformed\react-android-0.85.3-release\prefab\modules\jsi\libs\android.x86_64\libjsi.so to C:\Users\teemm\reacte_projets\EmpireCut\android\app\build\intermediates\cxx\RelWithDebInfo\1n3t6u49\obj\x86_64\libjsi.so
C/C++: hard linked C:\Users\teemm\.gradle\caches\9.3.1\transforms\1a811400cc0489cd26373fbd36604dfc\workspace\transformed\react-android-0.85.3-release\prefab\modules\reactnative\libs\android.x86_64\libreactnative.so to C:\Users\teemm\reacte_projets\EmpireCut\android\app\build\intermediates\cxx\RelWithDebInfo\1n3t6u49\obj\x86_64\libreactnative.so
C/C++: hard linked C:\Users\teemm\AppData\Local\Android\Sdk\ndk\27.1.12297006\toolchains\llvm\prebuilt\windows-x86_64\sysroot\usr\lib\x86_64-linux-android\libc++_shared.so to C:\Users\teemm\reacte_projets\EmpireCut\android\app\build\intermediates\cxx\RelWithDebInfo\1n3t6u49\obj\x86_64\libc++_shared.so
C/C++: build complete
Resolve mutations for :app:mergeReleaseJniLibFolders (Thread[included builds Thread 2,5,main]) started.
:app:mergeReleaseJniLibFolders (Thread[included builds Thread 2,5,main]) started.

> Task :app:mergeReleaseJniLibFolders
Caching disabled for task ':app:mergeReleaseJniLibFolders' because:
  Build cache is disabled
  Simple merging task
Task ':app:mergeReleaseJniLibFolders' is not up-to-date because:
  No history is available.
The input changes require a full rebuild for incremental task ':app:mergeReleaseJniLibFolders'.
Resolve mutations for :chadify_ffmpeg-kit-react-native:preReleaseBuild (Thread[included builds Thread 2,5,main]) started.
:chadify_ffmpeg-kit-react-native:preReleaseBuild (Thread[included builds Thread 2,5,main]) started.

> Task :chadify_ffmpeg-kit-react-native:preReleaseBuild UP-TO-DATE
Skipping task ':chadify_ffmpeg-kit-react-native:preReleaseBuild' as it has no actions.
Resolve mutations for :chadify_ffmpeg-kit-react-native:mergeReleaseJniLibFolders (Thread[included builds Thread 2,5,main]) started.
:chadify_ffmpeg-kit-react-native:mergeReleaseJniLibFolders (Thread[included builds Thread 2,5,main]) started.

> Task :chadify_ffmpeg-kit-react-native:mergeReleaseJniLibFolders
Caching disabled for task ':chadify_ffmpeg-kit-react-native:mergeReleaseJniLibFolders' because:
  Build cache is disabled
  Simple merging task
Task ':chadify_ffmpeg-kit-react-native:mergeReleaseJniLibFolders' is not up-to-date because:
  No history is available.
The input changes require a full rebuild for incremental task ':chadify_ffmpeg-kit-react-native:mergeReleaseJniLibFolders'.
Resolve mutations for :chadify_ffmpeg-kit-react-native:mergeReleaseNativeLibs (Thread[included builds Thread 2,5,main]) started.
:chadify_ffmpeg-kit-react-native:mergeReleaseNativeLibs (Thread[included builds Thread 2,5,main]) started.

> Task :chadify_ffmpeg-kit-react-native:mergeReleaseNativeLibs NO-SOURCE
Skipping task ':chadify_ffmpeg-kit-react-native:mergeReleaseNativeLibs' as it has no source files and no previous output files.
Resolve mutations for :chadify_ffmpeg-kit-react-native:copyReleaseJniLibsProjectOnly (Thread[included builds Thread 2,5,main]) started.
:chadify_ffmpeg-kit-react-native:copyReleaseJniLibsProjectOnly (Thread[included builds Thread 2,5,main]) started.

> Task :chadify_ffmpeg-kit-react-native:copyReleaseJniLibsProjectOnly
Caching disabled for task ':chadify_ffmpeg-kit-react-native:copyReleaseJniLibsProjectOnly' because:
  Build cache is disabled
  Caching has been disabled for the task
Task ':chadify_ffmpeg-kit-react-native:copyReleaseJniLibsProjectOnly' is not up-to-date because:
  No history is available.
work action resolve jni (project :chadify_ffmpeg-kit-react-native) (Thread[included builds Thread 2,5,main]) started.
Resolve mutations for :react-native-async-storage_async-storage:preReleaseBuild (Thread[included builds Thread 2,5,main]) started.
:react-native-async-storage_async-storage:preReleaseBuild (Thread[included builds Thread 2,5,main]) started.

> Task :react-native-async-storage_async-storage:preReleaseBuild UP-TO-DATE
Skipping task ':react-native-async-storage_async-storage:preReleaseBuild' as it has no actions.
Resolve mutations for :react-native-async-storage_async-storage:mergeReleaseJniLibFolders (Thread[included builds Thread 2,5,main]) started.
:react-native-async-storage_async-storage:mergeReleaseJniLibFolders (Thread[included builds Thread 2,5,main]) started.

> Task :react-native-async-storage_async-storage:mergeReleaseJniLibFolders
Caching disabled for task ':react-native-async-storage_async-storage:mergeReleaseJniLibFolders' because:
  Build cache is disabled
  Simple merging task
Task ':react-native-async-storage_async-storage:mergeReleaseJniLibFolders' is not up-to-date because:
  No history is available.
The input changes require a full rebuild for incremental task ':react-native-async-storage_async-storage:mergeReleaseJniLibFolders'.
Resolve mutations for :react-native-async-storage_async-storage:mergeReleaseNativeLibs (Thread[included builds Thread 2,5,main]) started.
:react-native-async-storage_async-storage:mergeReleaseNativeLibs (Thread[included builds Thread 2,5,main]) started.

> Task :react-native-async-storage_async-storage:mergeReleaseNativeLibs NO-SOURCE
Skipping task ':react-native-async-storage_async-storage:mergeReleaseNativeLibs' as it has no source files and no previous output files.
Resolve mutations for :react-native-async-storage_async-storage:copyReleaseJniLibsProjectOnly (Thread[included builds Thread 2,5,main]) started.
:react-native-async-storage_async-storage:copyReleaseJniLibsProjectOnly (Thread[included builds Thread 2,5,main]) started.

> Task :react-native-async-storage_async-storage:copyReleaseJniLibsProjectOnly
Caching disabled for task ':react-native-async-storage_async-storage:copyReleaseJniLibsProjectOnly' because:
  Build cache is disabled
  Caching has been disabled for the task
Task ':react-native-async-storage_async-storage:copyReleaseJniLibsProjectOnly' is not up-to-date because:
  No history is available.
work action resolve jni (project :react-native-async-storage_async-storage) (Thread[included builds Thread 2,5,main]) started.
Resolve mutations for :react-native-fs:preReleaseBuild (Thread[included builds Thread 2,5,main]) started.
:react-native-fs:preReleaseBuild (Thread[included builds Thread 2,5,main]) started.

> Task :react-native-fs:preReleaseBuild UP-TO-DATE
Skipping task ':react-native-fs:preReleaseBuild' as it has no actions.
Resolve mutations for :react-native-fs:mergeReleaseJniLibFolders (Thread[included builds Thread 2,5,main]) started.
:react-native-fs:mergeReleaseJniLibFolders (Thread[included builds Thread 2,5,main]) started.

> Task :react-native-fs:mergeReleaseJniLibFolders
Caching disabled for task ':react-native-fs:mergeReleaseJniLibFolders' because:
  Build cache is disabled
  Simple merging task
Task ':react-native-fs:mergeReleaseJniLibFolders' is not up-to-date because:
  No history is available.
The input changes require a full rebuild for incremental task ':react-native-fs:mergeReleaseJniLibFolders'.
Resolve mutations for :react-native-fs:mergeReleaseNativeLibs (Thread[included builds Thread 2,5,main]) started.
:react-native-fs:mergeReleaseNativeLibs (Thread[included builds Thread 2,5,main]) started.

> Task :react-native-fs:mergeReleaseNativeLibs NO-SOURCE
Skipping task ':react-native-fs:mergeReleaseNativeLibs' as it has no source files and no previous output files.
Resolve mutations for :react-native-fs:copyReleaseJniLibsProjectOnly (Thread[included builds Thread 2,5,main]) started.
:react-native-fs:copyReleaseJniLibsProjectOnly (Thread[included builds Thread 2,5,main]) started.

> Task :react-native-fs:copyReleaseJniLibsProjectOnly
Caching disabled for task ':react-native-fs:copyReleaseJniLibsProjectOnly' because:
  Build cache is disabled
  Caching has been disabled for the task
Task ':react-native-fs:copyReleaseJniLibsProjectOnly' is not up-to-date because:
  No history is available.
work action resolve jni (project :react-native-fs) (Thread[included builds Thread 2,5,main]) started.
Resolve mutations for :react-native-gesture-handler:preReleaseBuild (Thread[included builds Thread 2,5,main]) started.
:react-native-gesture-handler:preReleaseBuild (Thread[included builds Thread 2,5,main]) started.

> Task :react-native-gesture-handler:preReleaseBuild UP-TO-DATE
Skipping task ':react-native-gesture-handler:preReleaseBuild' as it has no actions.
Resolve mutations for :react-native-gesture-handler:configureCMakeRelWithDebInfo[arm64-v8a] (Thread[included builds Thread 2,5,main]) started.
:react-native-gesture-handler:configureCMakeRelWithDebInfo[arm64-v8a] (Thread[included builds Thread 2,5,main]) started.

> Task :react-native-gesture-handler:configureCMakeRelWithDebInfo[arm64-v8a]
Caching disabled for task ':react-native-gesture-handler:configureCMakeRelWithDebInfo[arm64-v8a]' because:
  Build cache is disabled
  Caching has been disabled for the task
Task ':react-native-gesture-handler:configureCMakeRelWithDebInfo[arm64-v8a]' is not up-to-date because:
  Task.upToDateWhen is false.
C/C++: C:\Users\teemm\reacte_projets\EmpireCut\node_modules\react-native-gesture-handler\android\src\main\jni\CMakeLists.txt release|arm64-v8a : Start JSON generation. Platform version: 24 min SDK version: arm64-v8a
C/C++: C:\Users\teemm\reacte_projets\EmpireCut\node_modules\react-native-gesture-handler\android\src\main\jni\CMakeLists.txt release|arm64-v8a : rebuilding JSON C:\Users\teemm\reacte_projets\EmpireCut\node_modules\react-native-gesture-handler\android\.cxx\RelWithDebInfo\63s345r6\arm64-v8a\android_gradle_build.json due to:
C/C++: C:\Users\teemm\reacte_projets\EmpireCut\node_modules\react-native-gesture-handler\android\src\main\jni\CMakeLists.txt release|arm64-v8a : - no fingerprint file, will remove stale configuration folder
C/C++: C:\Users\teemm\reacte_projets\EmpireCut\node_modules\react-native-gesture-handler\android\src\main\jni\CMakeLists.txt release|arm64-v8a : @echo off
"C:\\Program Files\\Eclipse Adoptium\\jdk-17.0.15.6-hotspot\\bin\\java" ^
  --class-path ^
  "C:\\Users\\teemm\\.gradle\\caches\\modules-2\\files-2.1\\com.google.prefab\\cli\\2.1.0\\aa32fec809c44fa531f01dcfb739b5b3304d3050\\cli-2.1.0-all.jar" ^
  com.google.prefab.cli.AppKt ^
  --build-system ^
  cmake ^
  --platform ^
  android ^
  --abi ^
  arm64-v8a ^
  --os-version ^
  24 ^
  --stl ^
  c++_shared ^
  --ndk-version ^
  27 ^
  --output ^
  "C:\\Users\\teemm\\AppData\\Local\\Temp\\agp-prefab-staging5550731620790331422\\staged-cli-output" ^
  "C:\\Users\\teemm\\.gradle\\caches\\9.3.1\\transforms\\1a811400cc0489cd26373fbd36604dfc\\workspace\\transformed\\react-android-0.85.3-release\\prefab" ^
  "C:\\Users\\teemm\\reacte_projets\\EmpireCut\\node_modules\\react-native-gesture-handler\\android\\build\\intermediates\\cxx\\refs\\react-native-reanimated\\5n4e4i12" ^
  "C:\\Users\\teemm\\.gradle\\caches\\9.3.1\\transforms\\3c01aea05d2737e987399f1309ae090e\\workspace\\transformed\\fbjni-0.7.0\\prefab"

Starting process 'command 'C:\Users\teemm\reacte_projets\EmpireCut\node_modules\react-native-gesture-handler\android\build\intermediates\cxx\RelWithDebInfo\63s345r6\logs\arm64-v8a\prefab_command.bat''. Working directory: C:\Users\teemm\reacte_projets\EmpireCut\node_modules\react-native-gesture-handler\android Command: C:\Users\teemm\reacte_projets\EmpireCut\node_modules\react-native-gesture-handler\android\build\intermediates\cxx\RelWithDebInfo\63s345r6\logs\arm64-v8a\prefab_command.bat 
Successfully started process 'command 'C:\Users\teemm\reacte_projets\EmpireCut\node_modules\react-native-gesture-handler\android\build\intermediates\cxx\RelWithDebInfo\63s345r6\logs\arm64-v8a\prefab_command.bat''
C/C++: C:\Users\teemm\reacte_projets\EmpireCut\node_modules\react-native-gesture-handler\android\src\main\jni\CMakeLists.txt release|arm64-v8a : Received process result: 0
C/C++: C:\Users\teemm\reacte_projets\EmpireCut\node_modules\react-native-gesture-handler\android\src\main\jni\CMakeLists.txt release|arm64-v8a : removing stale contents from 'C:\Users\teemm\reacte_projets\EmpireCut\node_modules\react-native-gesture-handler\android\.cxx\RelWithDebInfo\63s345r6\arm64-v8a'
C/C++: C:\Users\teemm\reacte_projets\EmpireCut\node_modules\react-native-gesture-handler\android\src\main\jni\CMakeLists.txt release|arm64-v8a : created folder 'C:\Users\teemm\reacte_projets\EmpireCut\node_modules\react-native-gesture-handler\android\.cxx\RelWithDebInfo\63s345r6\arm64-v8a'
C/C++: C:\Users\teemm\reacte_projets\EmpireCut\node_modules\react-native-gesture-handler\android\src\main\jni\CMakeLists.txt release|arm64-v8a : executing cmake @echo off
"C:\\Users\\teemm\\AppData\\Local\\Android\\Sdk\\cmake\\3.22.1\\bin\\cmake.exe" ^
  "-HC:\\Users\\teemm\\reacte_projets\\EmpireCut\\node_modules\\react-native-gesture-handler\\android\\src\\main\\jni" ^
  "-DCMAKE_SYSTEM_NAME=Android" ^
  "-DCMAKE_EXPORT_COMPILE_COMMANDS=ON" ^
  "-DCMAKE_SYSTEM_VERSION=24" ^
  "-DANDROID_PLATFORM=android-24" ^
  "-DANDROID_ABI=arm64-v8a" ^
  "-DCMAKE_ANDROID_ARCH_ABI=arm64-v8a" ^
  "-DANDROID_NDK=C:\\Users\\teemm\\AppData\\Local\\Android\\Sdk\\ndk\\27.1.12297006" ^
  "-DCMAKE_ANDROID_NDK=C:\\Users\\teemm\\AppData\\Local\\Android\\Sdk\\ndk\\27.1.12297006" ^
  "-DCMAKE_TOOLCHAIN_FILE=C:\\Users\\teemm\\AppData\\Local\\Android\\Sdk\\ndk\\27.1.12297006\\build\\cmake\\android.toolchain.cmake" ^
  "-DCMAKE_MAKE_PROGRAM=C:\\Users\\teemm\\AppData\\Local\\Android\\Sdk\\cmake\\3.22.1\\bin\\ninja.exe" ^
  "-DCMAKE_CXX_FLAGS=-O2 -frtti -fexceptions -Wall -Werror -std=c++20 -DANDROID" ^
  "-DCMAKE_LIBRARY_OUTPUT_DIRECTORY=C:\\Users\\teemm\\reacte_projets\\EmpireCut\\node_modules\\react-native-gesture-handler\\android\\build\\intermediates\\cxx\\RelWithDebInfo\\63s345r6\\obj\\arm64-v8a" ^
  "-DCMAKE_RUNTIME_OUTPUT_DIRECTORY=C:\\Users\\teemm\\reacte_projets\\EmpireCut\\node_modules\\react-native-gesture-handler\\android\\build\\intermediates\\cxx\\RelWithDebInfo\\63s345r6\\obj\\arm64-v8a" ^
  "-DCMAKE_BUILD_TYPE=RelWithDebInfo" ^
  "-DCMAKE_FIND_ROOT_PATH=C:\\Users\\teemm\\reacte_projets\\EmpireCut\\node_modules\\react-native-gesture-handler\\android\\.cxx\\RelWithDebInfo\\63s345r6\\prefab\\arm64-v8a\\prefab" ^
  "-BC:\\Users\\teemm\\reacte_projets\\EmpireCut\\node_modules\\react-native-gesture-handler\\android\\.cxx\\RelWithDebInfo\\63s345r6\\arm64-v8a" ^
  -GNinja ^
  "-DREACT_NATIVE_DIR=C:\\Users\\teemm\\reacte_projets\\EmpireCut\\node_modules\\react-native" ^
  "-DREACT_NATIVE_MINOR_VERSION=85" ^
  "-DANDROID_STL=c++_shared" ^
  "-DANDROID_SUPPORT_FLEXIBLE_PAGE_SIZES=ON"

C/C++: C:\Users\teemm\reacte_projets\EmpireCut\node_modules\react-native-gesture-handler\android\src\main\jni\CMakeLists.txt release|arm64-v8a : @echo off
"C:\\Users\\teemm\\AppData\\Local\\Android\\Sdk\\cmake\\3.22.1\\bin\\cmake.exe" ^
  "-HC:\\Users\\teemm\\reacte_projets\\EmpireCut\\node_modules\\react-native-gesture-handler\\android\\src\\main\\jni" ^
  "-DCMAKE_SYSTEM_NAME=Android" ^
  "-DCMAKE_EXPORT_COMPILE_COMMANDS=ON" ^
  "-DCMAKE_SYSTEM_VERSION=24" ^
  "-DANDROID_PLATFORM=android-24" ^
  "-DANDROID_ABI=arm64-v8a" ^
  "-DCMAKE_ANDROID_ARCH_ABI=arm64-v8a" ^
  "-DANDROID_NDK=C:\\Users\\teemm\\AppData\\Local\\Android\\Sdk\\ndk\\27.1.12297006" ^
  "-DCMAKE_ANDROID_NDK=C:\\Users\\teemm\\AppData\\Local\\Android\\Sdk\\ndk\\27.1.12297006" ^
  "-DCMAKE_TOOLCHAIN_FILE=C:\\Users\\teemm\\AppData\\Local\\Android\\Sdk\\ndk\\27.1.12297006\\build\\cmake\\android.toolchain.cmake" ^
  "-DCMAKE_MAKE_PROGRAM=C:\\Users\\teemm\\AppData\\Local\\Android\\Sdk\\cmake\\3.22.1\\bin\\ninja.exe" ^
  "-DCMAKE_CXX_FLAGS=-O2 -frtti -fexceptions -Wall -Werror -std=c++20 -DANDROID" ^
  "-DCMAKE_LIBRARY_OUTPUT_DIRECTORY=C:\\Users\\teemm\\reacte_projets\\EmpireCut\\node_modules\\react-native-gesture-handler\\android\\build\\intermediates\\cxx\\RelWithDebInfo\\63s345r6\\obj\\arm64-v8a" ^
  "-DCMAKE_RUNTIME_OUTPUT_DIRECTORY=C:\\Users\\teemm\\reacte_projets\\EmpireCut\\node_modules\\react-native-gesture-handler\\android\\build\\intermediates\\cxx\\RelWithDebInfo\\63s345r6\\obj\\arm64-v8a" ^
  "-DCMAKE_BUILD_TYPE=RelWithDebInfo" ^
  "-DCMAKE_FIND_ROOT_PATH=C:\\Users\\teemm\\reacte_projets\\EmpireCut\\node_modules\\react-native-gesture-handler\\android\\.cxx\\RelWithDebInfo\\63s345r6\\prefab\\arm64-v8a\\prefab" ^
  "-BC:\\Users\\teemm\\reacte_projets\\EmpireCut\\node_modules\\react-native-gesture-handler\\android\\.cxx\\RelWithDebInfo\\63s345r6\\arm64-v8a" ^
  -GNinja ^
  "-DREACT_NATIVE_DIR=C:\\Users\\teemm\\reacte_projets\\EmpireCut\\node_modules\\react-native" ^
  "-DREACT_NATIVE_MINOR_VERSION=85" ^
  "-DANDROID_STL=c++_shared" ^
  "-DANDROID_SUPPORT_FLEXIBLE_PAGE_SIZES=ON"

Starting process 'command 'C:\Users\teemm\AppData\Local\Android\Sdk\cmake\3.22.1\bin\cmake.exe''. Working directory: C:\Users\teemm\reacte_projets\EmpireCut\node_modules\react-native-gesture-handler\android Command: C:\Users\teemm\AppData\Local\Android\Sdk\cmake\3.22.1\bin\cmake.exe -HC:\Users\teemm\reacte_projets\EmpireCut\node_modules\react-native-gesture-handler\android\src\main\jni -DCMAKE_SYSTEM_NAME=Android -DCMAKE_EXPORT_COMPILE_COMMANDS=ON -DCMAKE_SYSTEM_VERSION=24 -DANDROID_PLATFORM=android-24 -DANDROID_ABI=arm64-v8a -DCMAKE_ANDROID_ARCH_ABI=arm64-v8a -DANDROID_NDK=C:\Users\teemm\AppData\Local\Android\Sdk\ndk\27.1.12297006 -DCMAKE_ANDROID_NDK=C:\Users\teemm\AppData\Local\Android\Sdk\ndk\27.1.12297006 -DCMAKE_TOOLCHAIN_FILE=C:\Users\teemm\AppData\Local\Android\Sdk\ndk\27.1.12297006\build\cmake\android.toolchain.cmake -DCMAKE_MAKE_PROGRAM=C:\Users\teemm\AppData\Local\Android\Sdk\cmake\3.22.1\bin\ninja.exe -DCMAKE_CXX_FLAGS=-O2 -frtti -fexceptions -Wall -Werror -std=c++20 -DANDROID -DCMAKE_LIBRARY_OUTPUT_DIRECTORY=C:\Users\teemm\reacte_projets\EmpireCut\node_modules\react-native-gesture-handler\android\build\intermediates\cxx\RelWithDebInfo\63s345r6\obj\arm64-v8a -DCMAKE_RUNTIME_OUTPUT_DIRECTORY=C:\Users\teemm\reacte_projets\EmpireCut\node_modules\react-native-gesture-handler\android\build\intermediates\cxx\RelWithDebInfo\63s345r6\obj\arm64-v8a -DCMAKE_BUILD_TYPE=RelWithDebInfo -DCMAKE_FIND_ROOT_PATH=C:\Users\teemm\reacte_projets\EmpireCut\node_modules\react-native-gesture-handler\android\.cxx\RelWithDebInfo\63s345r6\prefab\arm64-v8a\prefab -BC:\Users\teemm\reacte_projets\EmpireCut\node_modules\react-native-gesture-handler\android\.cxx\RelWithDebInfo\63s345r6\arm64-v8a -GNinja -DREACT_NATIVE_DIR=C:\Users\teemm\reacte_projets\EmpireCut\node_modules\react-native -DREACT_NATIVE_MINOR_VERSION=85 -DANDROID_STL=c++_shared -DANDROID_SUPPORT_FLEXIBLE_PAGE_SIZES=ON
Successfully started process 'command 'C:\Users\teemm\AppData\Local\Android\Sdk\cmake\3.22.1\bin\cmake.exe''
C/C++: C:\Users\teemm\reacte_projets\EmpireCut\node_modules\react-native-gesture-handler\android\src\main\jni\CMakeLists.txt release|arm64-v8a : Received process result: 0
C/C++: C:\Users\teemm\reacte_projets\EmpireCut\node_modules\react-native-gesture-handler\android\src\main\jni\CMakeLists.txt release|arm64-v8a : Exiting generation of C:\Users\teemm\reacte_projets\EmpireCut\node_modules\react-native-gesture-handler\android\.cxx\RelWithDebInfo\63s345r6\arm64-v8a\compile_commands.json.bin normally
C/C++: C:\Users\teemm\reacte_projets\EmpireCut\node_modules\react-native-gesture-handler\android\src\main\jni\CMakeLists.txt release|arm64-v8a : done executing cmake
C/C++: C:\Users\teemm\reacte_projets\EmpireCut\node_modules\react-native-gesture-handler\android\src\main\jni\CMakeLists.txt release|arm64-v8a : hard linked C:\Users\teemm\reacte_projets\EmpireCut\node_modules\react-native-gesture-handler\android\.cxx\RelWithDebInfo\63s345r6\arm64-v8a\compile_commands.json to C:\Users\teemm\reacte_projets\EmpireCut\node_modules\react-native-gesture-handler\android\.cxx\tools\release\arm64-v8a\compile_commands.json
C/C++: C:\Users\teemm\reacte_projets\EmpireCut\node_modules\react-native-gesture-handler\android\src\main\jni\CMakeLists.txt release|arm64-v8a : JSON generation completed without problems
C/C++: C:\Users\teemm\reacte_projets\EmpireCut\node_modules\react-native-gesture-handler\android\src\main\jni\CMakeLists.txt release|arm64-v8a : Writing build model to C:\Users\teemm\reacte_projets\EmpireCut\node_modules\react-native-gesture-handler\android\build\intermediates\cxx\RelWithDebInfo\63s345r6\logs\arm64-v8a\build_model.json
Resolve mutations for :react-native-gesture-handler:buildCMakeRelWithDebInfo[arm64-v8a] (Thread[included builds Thread 2,5,main]) started.
:react-native-gesture-handler:buildCMakeRelWithDebInfo[arm64-v8a] (Thread[included builds Thread 2,5,main]) started.

> Task :react-native-gesture-handler:buildCMakeRelWithDebInfo[arm64-v8a]
Deleting stale output file: C:\Users\teemm\reacte_projets\EmpireCut\node_modules\react-native-gesture-handler\android\build\intermediates\cxx\RelWithDebInfo\63s345r6\obj\arm64-v8a
Caching disabled for task ':react-native-gesture-handler:buildCMakeRelWithDebInfo[arm64-v8a]' because:
  Build cache is disabled
  Caching has been disabled for the task
Task ':react-native-gesture-handler:buildCMakeRelWithDebInfo[arm64-v8a]' is not up-to-date because:
  Task.upToDateWhen is false.
C/C++: starting build
C/C++: reading expected JSONs
C/C++: done reading expected JSONs
C/C++: executing build commands for targets that produce .so files or executables
C/C++: evaluate miniconfig
C/C++: evaluate library gesturehandler (arm64-v8a)
C/C++: building target library gesturehandler because no targets are specified.
C/C++: about to build targets gesturehandler
C/C++: Build gesturehandler
C/C++: @echo off
"C:\\Users\\teemm\\AppData\\Local\\Android\\Sdk\\cmake\\3.22.1\\bin\\ninja.exe" ^
  -C ^
  "C:\\Users\\teemm\\reacte_projets\\EmpireCut\\node_modules\\react-native-gesture-handler\\android\\.cxx\\RelWithDebInfo\\63s345r6\\arm64-v8a" ^
  gesturehandler

Starting process 'command 'C:\Users\teemm\AppData\Local\Android\Sdk\cmake\3.22.1\bin\ninja.exe''. Working directory: C:\Users\teemm\reacte_projets\EmpireCut\node_modules\react-native-gesture-handler\android Command: C:\Users\teemm\AppData\Local\Android\Sdk\cmake\3.22.1\bin\ninja.exe -C C:\Users\teemm\reacte_projets\EmpireCut\node_modules\react-native-gesture-handler\android\.cxx\RelWithDebInfo\63s345r6\arm64-v8a gesturehandler
Successfully started process 'command 'C:\Users\teemm\AppData\Local\Android\Sdk\cmake\3.22.1\bin\ninja.exe''
C/C++: Received process result: 0
C/C++: check expected build outputs
C/C++: hard linked C:\Users\teemm\.gradle\caches\9.3.1\transforms\1a811400cc0489cd26373fbd36604dfc\workspace\transformed\react-android-0.85.3-release\prefab\modules\reactnative\libs\android.arm64-v8a\libreactnative.so to C:\Users\teemm\reacte_projets\EmpireCut\node_modules\react-native-gesture-handler\android\build\intermediates\cxx\RelWithDebInfo\63s345r6\obj\arm64-v8a\libreactnative.so
C/C++: hard linked C:\Users\teemm\.gradle\caches\9.3.1\transforms\1a811400cc0489cd26373fbd36604dfc\workspace\transformed\react-android-0.85.3-release\prefab\modules\jsi\libs\android.arm64-v8a\libjsi.so to C:\Users\teemm\reacte_projets\EmpireCut\node_modules\react-native-gesture-handler\android\build\intermediates\cxx\RelWithDebInfo\63s345r6\obj\arm64-v8a\libjsi.so
C/C++: hard linked C:\Users\teemm\.gradle\caches\9.3.1\transforms\3c01aea05d2737e987399f1309ae090e\workspace\transformed\fbjni-0.7.0\prefab\modules\fbjni\libs\android.arm64-v8a\libfbjni.so to C:\Users\teemm\reacte_projets\EmpireCut\node_modules\react-native-gesture-handler\android\build\intermediates\cxx\RelWithDebInfo\63s345r6\obj\arm64-v8a\libfbjni.so
C/C++: hard linked C:\Users\teemm\AppData\Local\Android\Sdk\ndk\27.1.12297006\toolchains\llvm\prebuilt\windows-x86_64\sysroot\usr\lib\aarch64-linux-android\libc++_shared.so to C:\Users\teemm\reacte_projets\EmpireCut\node_modules\react-native-gesture-handler\android\build\intermediates\cxx\RelWithDebInfo\63s345r6\obj\arm64-v8a\libc++_shared.so
C/C++: build complete
Resolve mutations for :react-native-gesture-handler:configureCMakeRelWithDebInfo[armeabi-v7a] (Thread[included builds Thread 2,5,main]) started.
:react-native-gesture-handler:configureCMakeRelWithDebInfo[armeabi-v7a] (Thread[included builds Thread 2,5,main]) started.

> Task :react-native-gesture-handler:configureCMakeRelWithDebInfo[armeabi-v7a]
Caching disabled for task ':react-native-gesture-handler:configureCMakeRelWithDebInfo[armeabi-v7a]' because:
  Build cache is disabled
  Caching has been disabled for the task
Task ':react-native-gesture-handler:configureCMakeRelWithDebInfo[armeabi-v7a]' is not up-to-date because:
  Task.upToDateWhen is false.
C/C++: C:\Users\teemm\reacte_projets\EmpireCut\node_modules\react-native-gesture-handler\android\src\main\jni\CMakeLists.txt release|armeabi-v7a : Start JSON generation. Platform version: 24 min SDK version: armeabi-v7a
C/C++: C:\Users\teemm\reacte_projets\EmpireCut\node_modules\react-native-gesture-handler\android\src\main\jni\CMakeLists.txt release|armeabi-v7a : rebuilding JSON C:\Users\teemm\reacte_projets\EmpireCut\node_modules\react-native-gesture-handler\android\.cxx\RelWithDebInfo\63s345r6\armeabi-v7a\android_gradle_build.json due to:
C/C++: C:\Users\teemm\reacte_projets\EmpireCut\node_modules\react-native-gesture-handler\android\src\main\jni\CMakeLists.txt release|armeabi-v7a : - no fingerprint file, will remove stale configuration folder
C/C++: C:\Users\teemm\reacte_projets\EmpireCut\node_modules\react-native-gesture-handler\android\src\main\jni\CMakeLists.txt release|armeabi-v7a : @echo off
"C:\\Program Files\\Eclipse Adoptium\\jdk-17.0.15.6-hotspot\\bin\\java" ^
  --class-path ^
  "C:\\Users\\teemm\\.gradle\\caches\\modules-2\\files-2.1\\com.google.prefab\\cli\\2.1.0\\aa32fec809c44fa531f01dcfb739b5b3304d3050\\cli-2.1.0-all.jar" ^
  com.google.prefab.cli.AppKt ^
  --build-system ^
  cmake ^
  --platform ^
  android ^
  --abi ^
  armeabi-v7a ^
  --os-version ^
  24 ^
  --stl ^
  c++_shared ^
  --ndk-version ^
  27 ^
  --output ^
  "C:\\Users\\teemm\\AppData\\Local\\Temp\\agp-prefab-staging4339738931170574584\\staged-cli-output" ^
  "C:\\Users\\teemm\\.gradle\\caches\\9.3.1\\transforms\\1a811400cc0489cd26373fbd36604dfc\\workspace\\transformed\\react-android-0.85.3-release\\prefab" ^
  "C:\\Users\\teemm\\reacte_projets\\EmpireCut\\node_modules\\react-native-gesture-handler\\android\\build\\intermediates\\cxx\\refs\\react-native-reanimated\\3c1n4x6g" ^
  "C:\\Users\\teemm\\.gradle\\caches\\9.3.1\\transforms\\3c01aea05d2737e987399f1309ae090e\\workspace\\transformed\\fbjni-0.7.0\\prefab"

Starting process 'command 'C:\Users\teemm\reacte_projets\EmpireCut\node_modules\react-native-gesture-handler\android\build\intermediates\cxx\RelWithDebInfo\63s345r6\logs\armeabi-v7a\prefab_command.bat''. Working directory: C:\Users\teemm\reacte_projets\EmpireCut\node_modules\react-native-gesture-handler\android Command: C:\Users\teemm\reacte_projets\EmpireCut\node_modules\react-native-gesture-handler\android\build\intermediates\cxx\RelWithDebInfo\63s345r6\logs\armeabi-v7a\prefab_command.bat 
Successfully started process 'command 'C:\Users\teemm\reacte_projets\EmpireCut\node_modules\react-native-gesture-handler\android\build\intermediates\cxx\RelWithDebInfo\63s345r6\logs\armeabi-v7a\prefab_command.bat''
C/C++: C:\Users\teemm\reacte_projets\EmpireCut\node_modules\react-native-gesture-handler\android\src\main\jni\CMakeLists.txt release|armeabi-v7a : Received process result: 0
C/C++: C:\Users\teemm\reacte_projets\EmpireCut\node_modules\react-native-gesture-handler\android\src\main\jni\CMakeLists.txt release|armeabi-v7a : removing stale contents from 'C:\Users\teemm\reacte_projets\EmpireCut\node_modules\react-native-gesture-handler\android\.cxx\RelWithDebInfo\63s345r6\armeabi-v7a'
C/C++: C:\Users\teemm\reacte_projets\EmpireCut\node_modules\react-native-gesture-handler\android\src\main\jni\CMakeLists.txt release|armeabi-v7a : created folder 'C:\Users\teemm\reacte_projets\EmpireCut\node_modules\react-native-gesture-handler\android\.cxx\RelWithDebInfo\63s345r6\armeabi-v7a'
C/C++: C:\Users\teemm\reacte_projets\EmpireCut\node_modules\react-native-gesture-handler\android\src\main\jni\CMakeLists.txt release|armeabi-v7a : executing cmake @echo off
"C:\\Users\\teemm\\AppData\\Local\\Android\\Sdk\\cmake\\3.22.1\\bin\\cmake.exe" ^
  "-HC:\\Users\\teemm\\reacte_projets\\EmpireCut\\node_modules\\react-native-gesture-handler\\android\\src\\main\\jni" ^
  "-DCMAKE_SYSTEM_NAME=Android" ^
  "-DCMAKE_EXPORT_COMPILE_COMMANDS=ON" ^
  "-DCMAKE_SYSTEM_VERSION=24" ^
  "-DANDROID_PLATFORM=android-24" ^
  "-DANDROID_ABI=armeabi-v7a" ^
  "-DCMAKE_ANDROID_ARCH_ABI=armeabi-v7a" ^
  "-DANDROID_NDK=C:\\Users\\teemm\\AppData\\Local\\Android\\Sdk\\ndk\\27.1.12297006" ^
  "-DCMAKE_ANDROID_NDK=C:\\Users\\teemm\\AppData\\Local\\Android\\Sdk\\ndk\\27.1.12297006" ^
  "-DCMAKE_TOOLCHAIN_FILE=C:\\Users\\teemm\\AppData\\Local\\Android\\Sdk\\ndk\\27.1.12297006\\build\\cmake\\android.toolchain.cmake" ^
  "-DCMAKE_MAKE_PROGRAM=C:\\Users\\teemm\\AppData\\Local\\Android\\Sdk\\cmake\\3.22.1\\bin\\ninja.exe" ^
  "-DCMAKE_CXX_FLAGS=-O2 -frtti -fexceptions -Wall -Werror -std=c++20 -DANDROID" ^
  "-DCMAKE_LIBRARY_OUTPUT_DIRECTORY=C:\\Users\\teemm\\reacte_projets\\EmpireCut\\node_modules\\react-native-gesture-handler\\android\\build\\intermediates\\cxx\\RelWithDebInfo\\63s345r6\\obj\\armeabi-v7a" ^
  "-DCMAKE_RUNTIME_OUTPUT_DIRECTORY=C:\\Users\\teemm\\reacte_projets\\EmpireCut\\node_modules\\react-native-gesture-handler\\android\\build\\intermediates\\cxx\\RelWithDebInfo\\63s345r6\\obj\\armeabi-v7a" ^
  "-DCMAKE_BUILD_TYPE=RelWithDebInfo" ^
  "-DCMAKE_FIND_ROOT_PATH=C:\\Users\\teemm\\reacte_projets\\EmpireCut\\node_modules\\react-native-gesture-handler\\android\\.cxx\\RelWithDebInfo\\63s345r6\\prefab\\armeabi-v7a\\prefab" ^
  "-BC:\\Users\\teemm\\reacte_projets\\EmpireCut\\node_modules\\react-native-gesture-handler\\android\\.cxx\\RelWithDebInfo\\63s345r6\\armeabi-v7a" ^
  -GNinja ^
  "-DREACT_NATIVE_DIR=C:\\Users\\teemm\\reacte_projets\\EmpireCut\\node_modules\\react-native" ^
  "-DREACT_NATIVE_MINOR_VERSION=85" ^
  "-DANDROID_STL=c++_shared" ^
  "-DANDROID_SUPPORT_FLEXIBLE_PAGE_SIZES=ON"

C/C++: C:\Users\teemm\reacte_projets\EmpireCut\node_modules\react-native-gesture-handler\android\src\main\jni\CMakeLists.txt release|armeabi-v7a : @echo off
"C:\\Users\\teemm\\AppData\\Local\\Android\\Sdk\\cmake\\3.22.1\\bin\\cmake.exe" ^
  "-HC:\\Users\\teemm\\reacte_projets\\EmpireCut\\node_modules\\react-native-gesture-handler\\android\\src\\main\\jni" ^
  "-DCMAKE_SYSTEM_NAME=Android" ^
  "-DCMAKE_EXPORT_COMPILE_COMMANDS=ON" ^
  "-DCMAKE_SYSTEM_VERSION=24" ^
  "-DANDROID_PLATFORM=android-24" ^
  "-DANDROID_ABI=armeabi-v7a" ^
  "-DCMAKE_ANDROID_ARCH_ABI=armeabi-v7a" ^
  "-DANDROID_NDK=C:\\Users\\teemm\\AppData\\Local\\Android\\Sdk\\ndk\\27.1.12297006" ^
  "-DCMAKE_ANDROID_NDK=C:\\Users\\teemm\\AppData\\Local\\Android\\Sdk\\ndk\\27.1.12297006" ^
  "-DCMAKE_TOOLCHAIN_FILE=C:\\Users\\teemm\\AppData\\Local\\Android\\Sdk\\ndk\\27.1.12297006\\build\\cmake\\android.toolchain.cmake" ^
  "-DCMAKE_MAKE_PROGRAM=C:\\Users\\teemm\\AppData\\Local\\Android\\Sdk\\cmake\\3.22.1\\bin\\ninja.exe" ^
  "-DCMAKE_CXX_FLAGS=-O2 -frtti -fexceptions -Wall -Werror -std=c++20 -DANDROID" ^
  "-DCMAKE_LIBRARY_OUTPUT_DIRECTORY=C:\\Users\\teemm\\reacte_projets\\EmpireCut\\node_modules\\react-native-gesture-handler\\android\\build\\intermediates\\cxx\\RelWithDebInfo\\63s345r6\\obj\\armeabi-v7a" ^
  "-DCMAKE_RUNTIME_OUTPUT_DIRECTORY=C:\\Users\\teemm\\reacte_projets\\EmpireCut\\node_modules\\react-native-gesture-handler\\android\\build\\intermediates\\cxx\\RelWithDebInfo\\63s345r6\\obj\\armeabi-v7a" ^
  "-DCMAKE_BUILD_TYPE=RelWithDebInfo" ^
  "-DCMAKE_FIND_ROOT_PATH=C:\\Users\\teemm\\reacte_projets\\EmpireCut\\node_modules\\react-native-gesture-handler\\android\\.cxx\\RelWithDebInfo\\63s345r6\\prefab\\armeabi-v7a\\prefab" ^
  "-BC:\\Users\\teemm\\reacte_projets\\EmpireCut\\node_modules\\react-native-gesture-handler\\android\\.cxx\\RelWithDebInfo\\63s345r6\\armeabi-v7a" ^
  -GNinja ^
  "-DREACT_NATIVE_DIR=C:\\Users\\teemm\\reacte_projets\\EmpireCut\\node_modules\\react-native" ^
  "-DREACT_NATIVE_MINOR_VERSION=85" ^
  "-DANDROID_STL=c++_shared" ^
  "-DANDROID_SUPPORT_FLEXIBLE_PAGE_SIZES=ON"

Starting process 'command 'C:\Users\teemm\AppData\Local\Android\Sdk\cmake\3.22.1\bin\cmake.exe''. Working directory: C:\Users\teemm\reacte_projets\EmpireCut\node_modules\react-native-gesture-handler\android Command: C:\Users\teemm\AppData\Local\Android\Sdk\cmake\3.22.1\bin\cmake.exe -HC:\Users\teemm\reacte_projets\EmpireCut\node_modules\react-native-gesture-handler\android\src\main\jni -DCMAKE_SYSTEM_NAME=Android -DCMAKE_EXPORT_COMPILE_COMMANDS=ON -DCMAKE_SYSTEM_VERSION=24 -DANDROID_PLATFORM=android-24 -DANDROID_ABI=armeabi-v7a -DCMAKE_ANDROID_ARCH_ABI=armeabi-v7a -DANDROID_NDK=C:\Users\teemm\AppData\Local\Android\Sdk\ndk\27.1.12297006 -DCMAKE_ANDROID_NDK=C:\Users\teemm\AppData\Local\Android\Sdk\ndk\27.1.12297006 -DCMAKE_TOOLCHAIN_FILE=C:\Users\teemm\AppData\Local\Android\Sdk\ndk\27.1.12297006\build\cmake\android.toolchain.cmake -DCMAKE_MAKE_PROGRAM=C:\Users\teemm\AppData\Local\Android\Sdk\cmake\3.22.1\bin\ninja.exe -DCMAKE_CXX_FLAGS=-O2 -frtti -fexceptions -Wall -Werror -std=c++20 -DANDROID -DCMAKE_LIBRARY_OUTPUT_DIRECTORY=C:\Users\teemm\reacte_projets\EmpireCut\node_modules\react-native-gesture-handler\android\build\intermediates\cxx\RelWithDebInfo\63s345r6\obj\armeabi-v7a -DCMAKE_RUNTIME_OUTPUT_DIRECTORY=C:\Users\teemm\reacte_projets\EmpireCut\node_modules\react-native-gesture-handler\android\build\intermediates\cxx\RelWithDebInfo\63s345r6\obj\armeabi-v7a -DCMAKE_BUILD_TYPE=RelWithDebInfo -DCMAKE_FIND_ROOT_PATH=C:\Users\teemm\reacte_projets\EmpireCut\node_modules\react-native-gesture-handler\android\.cxx\RelWithDebInfo\63s345r6\prefab\armeabi-v7a\prefab -BC:\Users\teemm\reacte_projets\EmpireCut\node_modules\react-native-gesture-handler\android\.cxx\RelWithDebInfo\63s345r6\armeabi-v7a -GNinja -DREACT_NATIVE_DIR=C:\Users\teemm\reacte_projets\EmpireCut\node_modules\react-native -DREACT_NATIVE_MINOR_VERSION=85 -DANDROID_STL=c++_shared -DANDROID_SUPPORT_FLEXIBLE_PAGE_SIZES=ON
Successfully started process 'command 'C:\Users\teemm\AppData\Local\Android\Sdk\cmake\3.22.1\bin\cmake.exe''
C/C++: C:\Users\teemm\reacte_projets\EmpireCut\node_modules\react-native-gesture-handler\android\src\main\jni\CMakeLists.txt release|armeabi-v7a : Received process result: 0
C/C++: C:\Users\teemm\reacte_projets\EmpireCut\node_modules\react-native-gesture-handler\android\src\main\jni\CMakeLists.txt release|armeabi-v7a : Exiting generation of C:\Users\teemm\reacte_projets\EmpireCut\node_modules\react-native-gesture-handler\android\.cxx\RelWithDebInfo\63s345r6\armeabi-v7a\compile_commands.json.bin normally
C/C++: C:\Users\teemm\reacte_projets\EmpireCut\node_modules\react-native-gesture-handler\android\src\main\jni\CMakeLists.txt release|armeabi-v7a : done executing cmake
C/C++: C:\Users\teemm\reacte_projets\EmpireCut\node_modules\react-native-gesture-handler\android\src\main\jni\CMakeLists.txt release|armeabi-v7a : hard linked C:\Users\teemm\reacte_projets\EmpireCut\node_modules\react-native-gesture-handler\android\.cxx\RelWithDebInfo\63s345r6\armeabi-v7a\compile_commands.json to C:\Users\teemm\reacte_projets\EmpireCut\node_modules\react-native-gesture-handler\android\.cxx\tools\release\armeabi-v7a\compile_commands.json
C/C++: C:\Users\teemm\reacte_projets\EmpireCut\node_modules\react-native-gesture-handler\android\src\main\jni\CMakeLists.txt release|armeabi-v7a : JSON generation completed without problems
C/C++: C:\Users\teemm\reacte_projets\EmpireCut\node_modules\react-native-gesture-handler\android\src\main\jni\CMakeLists.txt release|armeabi-v7a : Writing build model to C:\Users\teemm\reacte_projets\EmpireCut\node_modules\react-native-gesture-handler\android\build\intermediates\cxx\RelWithDebInfo\63s345r6\logs\armeabi-v7a\build_model.json
Resolve mutations for :react-native-gesture-handler:buildCMakeRelWithDebInfo[armeabi-v7a] (Thread[included builds Thread 2,5,main]) started.
:react-native-gesture-handler:buildCMakeRelWithDebInfo[armeabi-v7a] (Thread[included builds Thread 2,5,main]) started.

> Task :react-native-gesture-handler:buildCMakeRelWithDebInfo[armeabi-v7a]
Deleting stale output file: C:\Users\teemm\reacte_projets\EmpireCut\node_modules\react-native-gesture-handler\android\build\intermediates\cxx\RelWithDebInfo\63s345r6\obj\armeabi-v7a
Caching disabled for task ':react-native-gesture-handler:buildCMakeRelWithDebInfo[armeabi-v7a]' because:
  Build cache is disabled
  Caching has been disabled for the task
Task ':react-native-gesture-handler:buildCMakeRelWithDebInfo[armeabi-v7a]' is not up-to-date because:
  Task.upToDateWhen is false.
C/C++: starting build
C/C++: reading expected JSONs
C/C++: done reading expected JSONs
C/C++: executing build commands for targets that produce .so files or executables
C/C++: evaluate miniconfig
C/C++: evaluate library gesturehandler (armeabi-v7a)
C/C++: building target library gesturehandler because no targets are specified.
C/C++: about to build targets gesturehandler
C/C++: Build gesturehandler
C/C++: @echo off
"C:\\Users\\teemm\\AppData\\Local\\Android\\Sdk\\cmake\\3.22.1\\bin\\ninja.exe" ^
  -C ^
  "C:\\Users\\teemm\\reacte_projets\\EmpireCut\\node_modules\\react-native-gesture-handler\\android\\.cxx\\RelWithDebInfo\\63s345r6\\armeabi-v7a" ^
  gesturehandler

Starting process 'command 'C:\Users\teemm\AppData\Local\Android\Sdk\cmake\3.22.1\bin\ninja.exe''. Working directory: C:\Users\teemm\reacte_projets\EmpireCut\node_modules\react-native-gesture-handler\android Command: C:\Users\teemm\AppData\Local\Android\Sdk\cmake\3.22.1\bin\ninja.exe -C C:\Users\teemm\reacte_projets\EmpireCut\node_modules\react-native-gesture-handler\android\.cxx\RelWithDebInfo\63s345r6\armeabi-v7a gesturehandler
Successfully started process 'command 'C:\Users\teemm\AppData\Local\Android\Sdk\cmake\3.22.1\bin\ninja.exe''
C/C++: Received process result: 0
C/C++: check expected build outputs
C/C++: hard linked C:\Users\teemm\.gradle\caches\9.3.1\transforms\1a811400cc0489cd26373fbd36604dfc\workspace\transformed\react-android-0.85.3-release\prefab\modules\reactnative\libs\android.armeabi-v7a\libreactnative.so to C:\Users\teemm\reacte_projets\EmpireCut\node_modules\react-native-gesture-handler\android\build\intermediates\cxx\RelWithDebInfo\63s345r6\obj\armeabi-v7a\libreactnative.so
C/C++: hard linked C:\Users\teemm\.gradle\caches\9.3.1\transforms\1a811400cc0489cd26373fbd36604dfc\workspace\transformed\react-android-0.85.3-release\prefab\modules\jsi\libs\android.armeabi-v7a\libjsi.so to C:\Users\teemm\reacte_projets\EmpireCut\node_modules\react-native-gesture-handler\android\build\intermediates\cxx\RelWithDebInfo\63s345r6\obj\armeabi-v7a\libjsi.so
C/C++: hard linked C:\Users\teemm\.gradle\caches\9.3.1\transforms\3c01aea05d2737e987399f1309ae090e\workspace\transformed\fbjni-0.7.0\prefab\modules\fbjni\libs\android.armeabi-v7a\libfbjni.so to C:\Users\teemm\reacte_projets\EmpireCut\node_modules\react-native-gesture-handler\android\build\intermediates\cxx\RelWithDebInfo\63s345r6\obj\armeabi-v7a\libfbjni.so
C/C++: hard linked C:\Users\teemm\AppData\Local\Android\Sdk\ndk\27.1.12297006\toolchains\llvm\prebuilt\windows-x86_64\sysroot\usr\lib\arm-linux-androideabi\libc++_shared.so to C:\Users\teemm\reacte_projets\EmpireCut\node_modules\react-native-gesture-handler\android\build\intermediates\cxx\RelWithDebInfo\63s345r6\obj\armeabi-v7a\libc++_shared.so
C/C++: build complete
Resolve mutations for :react-native-gesture-handler:configureCMakeRelWithDebInfo[x86] (Thread[included builds Thread 2,5,main]) started.
:react-native-gesture-handler:configureCMakeRelWithDebInfo[x86] (Thread[included builds Thread 2,5,main]) started.

> Task :react-native-gesture-handler:configureCMakeRelWithDebInfo[x86]
Caching disabled for task ':react-native-gesture-handler:configureCMakeRelWithDebInfo[x86]' because:
  Build cache is disabled
  Caching has been disabled for the task
Task ':react-native-gesture-handler:configureCMakeRelWithDebInfo[x86]' is not up-to-date because:
  Task.upToDateWhen is false.
C/C++: C:\Users\teemm\reacte_projets\EmpireCut\node_modules\react-native-gesture-handler\android\src\main\jni\CMakeLists.txt release|x86 : Start JSON generation. Platform version: 24 min SDK version: x86
C/C++: C:\Users\teemm\reacte_projets\EmpireCut\node_modules\react-native-gesture-handler\android\src\main\jni\CMakeLists.txt release|x86 : rebuilding JSON C:\Users\teemm\reacte_projets\EmpireCut\node_modules\react-native-gesture-handler\android\.cxx\RelWithDebInfo\63s345r6\x86\android_gradle_build.json due to:
C/C++: C:\Users\teemm\reacte_projets\EmpireCut\node_modules\react-native-gesture-handler\android\src\main\jni\CMakeLists.txt release|x86 : - no fingerprint file, will remove stale configuration folder
C/C++: C:\Users\teemm\reacte_projets\EmpireCut\node_modules\react-native-gesture-handler\android\src\main\jni\CMakeLists.txt release|x86 : @echo off
"C:\\Program Files\\Eclipse Adoptium\\jdk-17.0.15.6-hotspot\\bin\\java" ^
  --class-path ^
  "C:\\Users\\teemm\\.gradle\\caches\\modules-2\\files-2.1\\com.google.prefab\\cli\\2.1.0\\aa32fec809c44fa531f01dcfb739b5b3304d3050\\cli-2.1.0-all.jar" ^
  com.google.prefab.cli.AppKt ^
  --build-system ^
  cmake ^
  --platform ^
  android ^
  --abi ^
  x86 ^
  --os-version ^
  24 ^
  --stl ^
  c++_shared ^
  --ndk-version ^
  27 ^
  --output ^
  "C:\\Users\\teemm\\AppData\\Local\\Temp\\agp-prefab-staging4570309889499758947\\staged-cli-output" ^
  "C:\\Users\\teemm\\.gradle\\caches\\9.3.1\\transforms\\1a811400cc0489cd26373fbd36604dfc\\workspace\\transformed\\react-android-0.85.3-release\\prefab" ^
  "C:\\Users\\teemm\\reacte_projets\\EmpireCut\\node_modules\\react-native-gesture-handler\\android\\build\\intermediates\\cxx\\refs\\react-native-reanimated\\4k2t3ex2" ^
  "C:\\Users\\teemm\\.gradle\\caches\\9.3.1\\transforms\\3c01aea05d2737e987399f1309ae090e\\workspace\\transformed\\fbjni-0.7.0\\prefab"

Starting process 'command 'C:\Users\teemm\reacte_projets\EmpireCut\node_modules\react-native-gesture-handler\android\build\intermediates\cxx\RelWithDebInfo\63s345r6\logs\x86\prefab_command.bat''. Working directory: C:\Users\teemm\reacte_projets\EmpireCut\node_modules\react-native-gesture-handler\android Command: C:\Users\teemm\reacte_projets\EmpireCut\node_modules\react-native-gesture-handler\android\build\intermediates\cxx\RelWithDebInfo\63s345r6\logs\x86\prefab_command.bat 
Successfully started process 'command 'C:\Users\teemm\reacte_projets\EmpireCut\node_modules\react-native-gesture-handler\android\build\intermediates\cxx\RelWithDebInfo\63s345r6\logs\x86\prefab_command.bat''
C/C++: C:\Users\teemm\reacte_projets\EmpireCut\node_modules\react-native-gesture-handler\android\src\main\jni\CMakeLists.txt release|x86 : Received process result: 0
C/C++: C:\Users\teemm\reacte_projets\EmpireCut\node_modules\react-native-gesture-handler\android\src\main\jni\CMakeLists.txt release|x86 : removing stale contents from 'C:\Users\teemm\reacte_projets\EmpireCut\node_modules\react-native-gesture-handler\android\.cxx\RelWithDebInfo\63s345r6\x86'
C/C++: C:\Users\teemm\reacte_projets\EmpireCut\node_modules\react-native-gesture-handler\android\src\main\jni\CMakeLists.txt release|x86 : created folder 'C:\Users\teemm\reacte_projets\EmpireCut\node_modules\react-native-gesture-handler\android\.cxx\RelWithDebInfo\63s345r6\x86'
C/C++: C:\Users\teemm\reacte_projets\EmpireCut\node_modules\react-native-gesture-handler\android\src\main\jni\CMakeLists.txt release|x86 : executing cmake @echo off
"C:\\Users\\teemm\\AppData\\Local\\Android\\Sdk\\cmake\\3.22.1\\bin\\cmake.exe" ^
  "-HC:\\Users\\teemm\\reacte_projets\\EmpireCut\\node_modules\\react-native-gesture-handler\\android\\src\\main\\jni" ^
  "-DCMAKE_SYSTEM_NAME=Android" ^
  "-DCMAKE_EXPORT_COMPILE_COMMANDS=ON" ^
  "-DCMAKE_SYSTEM_VERSION=24" ^
  "-DANDROID_PLATFORM=android-24" ^
  "-DANDROID_ABI=x86" ^
  "-DCMAKE_ANDROID_ARCH_ABI=x86" ^
  "-DANDROID_NDK=C:\\Users\\teemm\\AppData\\Local\\Android\\Sdk\\ndk\\27.1.12297006" ^
  "-DCMAKE_ANDROID_NDK=C:\\Users\\teemm\\AppData\\Local\\Android\\Sdk\\ndk\\27.1.12297006" ^
  "-DCMAKE_TOOLCHAIN_FILE=C:\\Users\\teemm\\AppData\\Local\\Android\\Sdk\\ndk\\27.1.12297006\\build\\cmake\\android.toolchain.cmake" ^
  "-DCMAKE_MAKE_PROGRAM=C:\\Users\\teemm\\AppData\\Local\\Android\\Sdk\\cmake\\3.22.1\\bin\\ninja.exe" ^
  "-DCMAKE_CXX_FLAGS=-O2 -frtti -fexceptions -Wall -Werror -std=c++20 -DANDROID" ^
  "-DCMAKE_LIBRARY_OUTPUT_DIRECTORY=C:\\Users\\teemm\\reacte_projets\\EmpireCut\\node_modules\\react-native-gesture-handler\\android\\build\\intermediates\\cxx\\RelWithDebInfo\\63s345r6\\obj\\x86" ^
  "-DCMAKE_RUNTIME_OUTPUT_DIRECTORY=C:\\Users\\teemm\\reacte_projets\\EmpireCut\\node_modules\\react-native-gesture-handler\\android\\build\\intermediates\\cxx\\RelWithDebInfo\\63s345r6\\obj\\x86" ^
  "-DCMAKE_BUILD_TYPE=RelWithDebInfo" ^
  "-DCMAKE_FIND_ROOT_PATH=C:\\Users\\teemm\\reacte_projets\\EmpireCut\\node_modules\\react-native-gesture-handler\\android\\.cxx\\RelWithDebInfo\\63s345r6\\prefab\\x86\\prefab" ^
  "-BC:\\Users\\teemm\\reacte_projets\\EmpireCut\\node_modules\\react-native-gesture-handler\\android\\.cxx\\RelWithDebInfo\\63s345r6\\x86" ^
  -GNinja ^
  "-DREACT_NATIVE_DIR=C:\\Users\\teemm\\reacte_projets\\EmpireCut\\node_modules\\react-native" ^
  "-DREACT_NATIVE_MINOR_VERSION=85" ^
  "-DANDROID_STL=c++_shared" ^
  "-DANDROID_SUPPORT_FLEXIBLE_PAGE_SIZES=ON"

C/C++: C:\Users\teemm\reacte_projets\EmpireCut\node_modules\react-native-gesture-handler\android\src\main\jni\CMakeLists.txt release|x86 : @echo off
"C:\\Users\\teemm\\AppData\\Local\\Android\\Sdk\\cmake\\3.22.1\\bin\\cmake.exe" ^
  "-HC:\\Users\\teemm\\reacte_projets\\EmpireCut\\node_modules\\react-native-gesture-handler\\android\\src\\main\\jni" ^
  "-DCMAKE_SYSTEM_NAME=Android" ^
  "-DCMAKE_EXPORT_COMPILE_COMMANDS=ON" ^
  "-DCMAKE_SYSTEM_VERSION=24" ^
  "-DANDROID_PLATFORM=android-24" ^
  "-DANDROID_ABI=x86" ^
  "-DCMAKE_ANDROID_ARCH_ABI=x86" ^
  "-DANDROID_NDK=C:\\Users\\teemm\\AppData\\Local\\Android\\Sdk\\ndk\\27.1.12297006" ^
  "-DCMAKE_ANDROID_NDK=C:\\Users\\teemm\\AppData\\Local\\Android\\Sdk\\ndk\\27.1.12297006" ^
  "-DCMAKE_TOOLCHAIN_FILE=C:\\Users\\teemm\\AppData\\Local\\Android\\Sdk\\ndk\\27.1.12297006\\build\\cmake\\android.toolchain.cmake" ^
  "-DCMAKE_MAKE_PROGRAM=C:\\Users\\teemm\\AppData\\Local\\Android\\Sdk\\cmake\\3.22.1\\bin\\ninja.exe" ^
  "-DCMAKE_CXX_FLAGS=-O2 -frtti -fexceptions -Wall -Werror -std=c++20 -DANDROID" ^
  "-DCMAKE_LIBRARY_OUTPUT_DIRECTORY=C:\\Users\\teemm\\reacte_projets\\EmpireCut\\node_modules\\react-native-gesture-handler\\android\\build\\intermediates\\cxx\\RelWithDebInfo\\63s345r6\\obj\\x86" ^
  "-DCMAKE_RUNTIME_OUTPUT_DIRECTORY=C:\\Users\\teemm\\reacte_projets\\EmpireCut\\node_modules\\react-native-gesture-handler\\android\\build\\intermediates\\cxx\\RelWithDebInfo\\63s345r6\\obj\\x86" ^
  "-DCMAKE_BUILD_TYPE=RelWithDebInfo" ^
  "-DCMAKE_FIND_ROOT_PATH=C:\\Users\\teemm\\reacte_projets\\EmpireCut\\node_modules\\react-native-gesture-handler\\android\\.cxx\\RelWithDebInfo\\63s345r6\\prefab\\x86\\prefab" ^
  "-BC:\\Users\\teemm\\reacte_projets\\EmpireCut\\node_modules\\react-native-gesture-handler\\android\\.cxx\\RelWithDebInfo\\63s345r6\\x86" ^
  -GNinja ^
  "-DREACT_NATIVE_DIR=C:\\Users\\teemm\\reacte_projets\\EmpireCut\\node_modules\\react-native" ^
  "-DREACT_NATIVE_MINOR_VERSION=85" ^
  "-DANDROID_STL=c++_shared" ^
  "-DANDROID_SUPPORT_FLEXIBLE_PAGE_SIZES=ON"

Starting process 'command 'C:\Users\teemm\AppData\Local\Android\Sdk\cmake\3.22.1\bin\cmake.exe''. Working directory: C:\Users\teemm\reacte_projets\EmpireCut\node_modules\react-native-gesture-handler\android Command: C:\Users\teemm\AppData\Local\Android\Sdk\cmake\3.22.1\bin\cmake.exe -HC:\Users\teemm\reacte_projets\EmpireCut\node_modules\react-native-gesture-handler\android\src\main\jni -DCMAKE_SYSTEM_NAME=Android -DCMAKE_EXPORT_COMPILE_COMMANDS=ON -DCMAKE_SYSTEM_VERSION=24 -DANDROID_PLATFORM=android-24 -DANDROID_ABI=x86 -DCMAKE_ANDROID_ARCH_ABI=x86 -DANDROID_NDK=C:\Users\teemm\AppData\Local\Android\Sdk\ndk\27.1.12297006 -DCMAKE_ANDROID_NDK=C:\Users\teemm\AppData\Local\Android\Sdk\ndk\27.1.12297006 -DCMAKE_TOOLCHAIN_FILE=C:\Users\teemm\AppData\Local\Android\Sdk\ndk\27.1.12297006\build\cmake\android.toolchain.cmake -DCMAKE_MAKE_PROGRAM=C:\Users\teemm\AppData\Local\Android\Sdk\cmake\3.22.1\bin\ninja.exe -DCMAKE_CXX_FLAGS=-O2 -frtti -fexceptions -Wall -Werror -std=c++20 -DANDROID -DCMAKE_LIBRARY_OUTPUT_DIRECTORY=C:\Users\teemm\reacte_projets\EmpireCut\node_modules\react-native-gesture-handler\android\build\intermediates\cxx\RelWithDebInfo\63s345r6\obj\x86 -DCMAKE_RUNTIME_OUTPUT_DIRECTORY=C:\Users\teemm\reacte_projets\EmpireCut\node_modules\react-native-gesture-handler\android\build\intermediates\cxx\RelWithDebInfo\63s345r6\obj\x86 -DCMAKE_BUILD_TYPE=RelWithDebInfo -DCMAKE_FIND_ROOT_PATH=C:\Users\teemm\reacte_projets\EmpireCut\node_modules\react-native-gesture-handler\android\.cxx\RelWithDebInfo\63s345r6\prefab\x86\prefab -BC:\Users\teemm\reacte_projets\EmpireCut\node_modules\react-native-gesture-handler\android\.cxx\RelWithDebInfo\63s345r6\x86 -GNinja -DREACT_NATIVE_DIR=C:\Users\teemm\reacte_projets\EmpireCut\node_modules\react-native -DREACT_NATIVE_MINOR_VERSION=85 -DANDROID_STL=c++_shared -DANDROID_SUPPORT_FLEXIBLE_PAGE_SIZES=ON
Successfully started process 'command 'C:\Users\teemm\AppData\Local\Android\Sdk\cmake\3.22.1\bin\cmake.exe''
C/C++: C:\Users\teemm\reacte_projets\EmpireCut\node_modules\react-native-gesture-handler\android\src\main\jni\CMakeLists.txt release|x86 : Received process result: 0
C/C++: C:\Users\teemm\reacte_projets\EmpireCut\node_modules\react-native-gesture-handler\android\src\main\jni\CMakeLists.txt release|x86 : Exiting generation of C:\Users\teemm\reacte_projets\EmpireCut\node_modules\react-native-gesture-handler\android\.cxx\RelWithDebInfo\63s345r6\x86\compile_commands.json.bin normally
C/C++: C:\Users\teemm\reacte_projets\EmpireCut\node_modules\react-native-gesture-handler\android\src\main\jni\CMakeLists.txt release|x86 : done executing cmake
C/C++: C:\Users\teemm\reacte_projets\EmpireCut\node_modules\react-native-gesture-handler\android\src\main\jni\CMakeLists.txt release|x86 : hard linked C:\Users\teemm\reacte_projets\EmpireCut\node_modules\react-native-gesture-handler\android\.cxx\RelWithDebInfo\63s345r6\x86\compile_commands.json to C:\Users\teemm\reacte_projets\EmpireCut\node_modules\react-native-gesture-handler\android\.cxx\tools\release\x86\compile_commands.json
C/C++: C:\Users\teemm\reacte_projets\EmpireCut\node_modules\react-native-gesture-handler\android\src\main\jni\CMakeLists.txt release|x86 : JSON generation completed without problems
C/C++: C:\Users\teemm\reacte_projets\EmpireCut\node_modules\react-native-gesture-handler\android\src\main\jni\CMakeLists.txt release|x86 : Writing build model to C:\Users\teemm\reacte_projets\EmpireCut\node_modules\react-native-gesture-handler\android\build\intermediates\cxx\RelWithDebInfo\63s345r6\logs\x86\build_model.json
Resolve mutations for :react-native-gesture-handler:buildCMakeRelWithDebInfo[x86] (Thread[included builds Thread 2,5,main]) started.
:react-native-gesture-handler:buildCMakeRelWithDebInfo[x86] (Thread[included builds Thread 2,5,main]) started.

> Task :react-native-gesture-handler:buildCMakeRelWithDebInfo[x86]
Deleting stale output file: C:\Users\teemm\reacte_projets\EmpireCut\node_modules\react-native-gesture-handler\android\build\intermediates\cxx\RelWithDebInfo\63s345r6\obj\x86
Caching disabled for task ':react-native-gesture-handler:buildCMakeRelWithDebInfo[x86]' because:
  Build cache is disabled
  Caching has been disabled for the task
Task ':react-native-gesture-handler:buildCMakeRelWithDebInfo[x86]' is not up-to-date because:
  Task.upToDateWhen is false.
C/C++: starting build
C/C++: reading expected JSONs
C/C++: done reading expected JSONs
C/C++: executing build commands for targets that produce .so files or executables
C/C++: evaluate miniconfig
C/C++: evaluate library gesturehandler (x86)
C/C++: building target library gesturehandler because no targets are specified.
C/C++: about to build targets gesturehandler
C/C++: Build gesturehandler
C/C++: @echo off
"C:\\Users\\teemm\\AppData\\Local\\Android\\Sdk\\cmake\\3.22.1\\bin\\ninja.exe" ^
  -C ^
  "C:\\Users\\teemm\\reacte_projets\\EmpireCut\\node_modules\\react-native-gesture-handler\\android\\.cxx\\RelWithDebInfo\\63s345r6\\x86" ^
  gesturehandler

Starting process 'command 'C:\Users\teemm\AppData\Local\Android\Sdk\cmake\3.22.1\bin\ninja.exe''. Working directory: C:\Users\teemm\reacte_projets\EmpireCut\node_modules\react-native-gesture-handler\android Command: C:\Users\teemm\AppData\Local\Android\Sdk\cmake\3.22.1\bin\ninja.exe -C C:\Users\teemm\reacte_projets\EmpireCut\node_modules\react-native-gesture-handler\android\.cxx\RelWithDebInfo\63s345r6\x86 gesturehandler
Successfully started process 'command 'C:\Users\teemm\AppData\Local\Android\Sdk\cmake\3.22.1\bin\ninja.exe''
C/C++: Received process result: 0
C/C++: check expected build outputs
C/C++: hard linked C:\Users\teemm\.gradle\caches\9.3.1\transforms\1a811400cc0489cd26373fbd36604dfc\workspace\transformed\react-android-0.85.3-release\prefab\modules\reactnative\libs\android.x86\libreactnative.so to C:\Users\teemm\reacte_projets\EmpireCut\node_modules\react-native-gesture-handler\android\build\intermediates\cxx\RelWithDebInfo\63s345r6\obj\x86\libreactnative.so
C/C++: hard linked C:\Users\teemm\.gradle\caches\9.3.1\transforms\1a811400cc0489cd26373fbd36604dfc\workspace\transformed\react-android-0.85.3-release\prefab\modules\jsi\libs\android.x86\libjsi.so to C:\Users\teemm\reacte_projets\EmpireCut\node_modules\react-native-gesture-handler\android\build\intermediates\cxx\RelWithDebInfo\63s345r6\obj\x86\libjsi.so
C/C++: hard linked C:\Users\teemm\.gradle\caches\9.3.1\transforms\3c01aea05d2737e987399f1309ae090e\workspace\transformed\fbjni-0.7.0\prefab\modules\fbjni\libs\android.x86\libfbjni.so to C:\Users\teemm\reacte_projets\EmpireCut\node_modules\react-native-gesture-handler\android\build\intermediates\cxx\RelWithDebInfo\63s345r6\obj\x86\libfbjni.so
C/C++: hard linked C:\Users\teemm\AppData\Local\Android\Sdk\ndk\27.1.12297006\toolchains\llvm\prebuilt\windows-x86_64\sysroot\usr\lib\i686-linux-android\libc++_shared.so to C:\Users\teemm\reacte_projets\EmpireCut\node_modules\react-native-gesture-handler\android\build\intermediates\cxx\RelWithDebInfo\63s345r6\obj\x86\libc++_shared.so
C/C++: build complete
Resolve mutations for :react-native-gesture-handler:configureCMakeRelWithDebInfo[x86_64] (Thread[included builds Thread 2,5,main]) started.
:react-native-gesture-handler:configureCMakeRelWithDebInfo[x86_64] (Thread[included builds Thread 2,5,main]) started.

> Task :react-native-gesture-handler:configureCMakeRelWithDebInfo[x86_64]
Caching disabled for task ':react-native-gesture-handler:configureCMakeRelWithDebInfo[x86_64]' because:
  Build cache is disabled
  Caching has been disabled for the task
Task ':react-native-gesture-handler:configureCMakeRelWithDebInfo[x86_64]' is not up-to-date because:
  Task.upToDateWhen is false.
C/C++: C:\Users\teemm\reacte_projets\EmpireCut\node_modules\react-native-gesture-handler\android\src\main\jni\CMakeLists.txt release|x86_64 : Start JSON generation. Platform version: 24 min SDK version: x86_64
C/C++: C:\Users\teemm\reacte_projets\EmpireCut\node_modules\react-native-gesture-handler\android\src\main\jni\CMakeLists.txt release|x86_64 : rebuilding JSON C:\Users\teemm\reacte_projets\EmpireCut\node_modules\react-native-gesture-handler\android\.cxx\RelWithDebInfo\63s345r6\x86_64\android_gradle_build.json due to:
C/C++: C:\Users\teemm\reacte_projets\EmpireCut\node_modules\react-native-gesture-handler\android\src\main\jni\CMakeLists.txt release|x86_64 : - no fingerprint file, will remove stale configuration folder
C/C++: C:\Users\teemm\reacte_projets\EmpireCut\node_modules\react-native-gesture-handler\android\src\main\jni\CMakeLists.txt release|x86_64 : @echo off
"C:\\Program Files\\Eclipse Adoptium\\jdk-17.0.15.6-hotspot\\bin\\java" ^
  --class-path ^
  "C:\\Users\\teemm\\.gradle\\caches\\modules-2\\files-2.1\\com.google.prefab\\cli\\2.1.0\\aa32fec809c44fa531f01dcfb739b5b3304d3050\\cli-2.1.0-all.jar" ^
  com.google.prefab.cli.AppKt ^
  --build-system ^
  cmake ^
  --platform ^
  android ^
  --abi ^
  x86_64 ^
  --os-version ^
  24 ^
  --stl ^
  c++_shared ^
  --ndk-version ^
  27 ^
  --output ^
  "C:\\Users\\teemm\\AppData\\Local\\Temp\\agp-prefab-staging1646017701762430840\\staged-cli-output" ^
  "C:\\Users\\teemm\\.gradle\\caches\\9.3.1\\transforms\\1a811400cc0489cd26373fbd36604dfc\\workspace\\transformed\\react-android-0.85.3-release\\prefab" ^
  "C:\\Users\\teemm\\reacte_projets\\EmpireCut\\node_modules\\react-native-gesture-handler\\android\\build\\intermediates\\cxx\\refs\\react-native-reanimated\\1o16r3d5" ^
  "C:\\Users\\teemm\\.gradle\\caches\\9.3.1\\transforms\\3c01aea05d2737e987399f1309ae090e\\workspace\\transformed\\fbjni-0.7.0\\prefab"

Starting process 'command 'C:\Users\teemm\reacte_projets\EmpireCut\node_modules\react-native-gesture-handler\android\build\intermediates\cxx\RelWithDebInfo\63s345r6\logs\x86_64\prefab_command.bat''. Working directory: C:\Users\teemm\reacte_projets\EmpireCut\node_modules\react-native-gesture-handler\android Command: C:\Users\teemm\reacte_projets\EmpireCut\node_modules\react-native-gesture-handler\android\build\intermediates\cxx\RelWithDebInfo\63s345r6\logs\x86_64\prefab_command.bat 
Successfully started process 'command 'C:\Users\teemm\reacte_projets\EmpireCut\node_modules\react-native-gesture-handler\android\build\intermediates\cxx\RelWithDebInfo\63s345r6\logs\x86_64\prefab_command.bat''
C/C++: C:\Users\teemm\reacte_projets\EmpireCut\node_modules\react-native-gesture-handler\android\src\main\jni\CMakeLists.txt release|x86_64 : Received process result: 0
C/C++: C:\Users\teemm\reacte_projets\EmpireCut\node_modules\react-native-gesture-handler\android\src\main\jni\CMakeLists.txt release|x86_64 : removing stale contents from 'C:\Users\teemm\reacte_projets\EmpireCut\node_modules\react-native-gesture-handler\android\.cxx\RelWithDebInfo\63s345r6\x86_64'
C/C++: C:\Users\teemm\reacte_projets\EmpireCut\node_modules\react-native-gesture-handler\android\src\main\jni\CMakeLists.txt release|x86_64 : created folder 'C:\Users\teemm\reacte_projets\EmpireCut\node_modules\react-native-gesture-handler\android\.cxx\RelWithDebInfo\63s345r6\x86_64'
C/C++: C:\Users\teemm\reacte_projets\EmpireCut\node_modules\react-native-gesture-handler\android\src\main\jni\CMakeLists.txt release|x86_64 : executing cmake @echo off
"C:\\Users\\teemm\\AppData\\Local\\Android\\Sdk\\cmake\\3.22.1\\bin\\cmake.exe" ^
  "-HC:\\Users\\teemm\\reacte_projets\\EmpireCut\\node_modules\\react-native-gesture-handler\\android\\src\\main\\jni" ^
  "-DCMAKE_SYSTEM_NAME=Android" ^
  "-DCMAKE_EXPORT_COMPILE_COMMANDS=ON" ^
  "-DCMAKE_SYSTEM_VERSION=24" ^
  "-DANDROID_PLATFORM=android-24" ^
  "-DANDROID_ABI=x86_64" ^
  "-DCMAKE_ANDROID_ARCH_ABI=x86_64" ^
  "-DANDROID_NDK=C:\\Users\\teemm\\AppData\\Local\\Android\\Sdk\\ndk\\27.1.12297006" ^
  "-DCMAKE_ANDROID_NDK=C:\\Users\\teemm\\AppData\\Local\\Android\\Sdk\\ndk\\27.1.12297006" ^
  "-DCMAKE_TOOLCHAIN_FILE=C:\\Users\\teemm\\AppData\\Local\\Android\\Sdk\\ndk\\27.1.12297006\\build\\cmake\\android.toolchain.cmake" ^
  "-DCMAKE_MAKE_PROGRAM=C:\\Users\\teemm\\AppData\\Local\\Android\\Sdk\\cmake\\3.22.1\\bin\\ninja.exe" ^
  "-DCMAKE_CXX_FLAGS=-O2 -frtti -fexceptions -Wall -Werror -std=c++20 -DANDROID" ^
  "-DCMAKE_LIBRARY_OUTPUT_DIRECTORY=C:\\Users\\teemm\\reacte_projets\\EmpireCut\\node_modules\\react-native-gesture-handler\\android\\build\\intermediates\\cxx\\RelWithDebInfo\\63s345r6\\obj\\x86_64" ^
  "-DCMAKE_RUNTIME_OUTPUT_DIRECTORY=C:\\Users\\teemm\\reacte_projets\\EmpireCut\\node_modules\\react-native-gesture-handler\\android\\build\\intermediates\\cxx\\RelWithDebInfo\\63s345r6\\obj\\x86_64" ^
  "-DCMAKE_BUILD_TYPE=RelWithDebInfo" ^
  "-DCMAKE_FIND_ROOT_PATH=C:\\Users\\teemm\\reacte_projets\\EmpireCut\\node_modules\\react-native-gesture-handler\\android\\.cxx\\RelWithDebInfo\\63s345r6\\prefab\\x86_64\\prefab" ^
  "-BC:\\Users\\teemm\\reacte_projets\\EmpireCut\\node_modules\\react-native-gesture-handler\\android\\.cxx\\RelWithDebInfo\\63s345r6\\x86_64" ^
  -GNinja ^
  "-DREACT_NATIVE_DIR=C:\\Users\\teemm\\reacte_projets\\EmpireCut\\node_modules\\react-native" ^
  "-DREACT_NATIVE_MINOR_VERSION=85" ^
  "-DANDROID_STL=c++_shared" ^
  "-DANDROID_SUPPORT_FLEXIBLE_PAGE_SIZES=ON"

C/C++: C:\Users\teemm\reacte_projets\EmpireCut\node_modules\react-native-gesture-handler\android\src\main\jni\CMakeLists.txt release|x86_64 : @echo off
"C:\\Users\\teemm\\AppData\\Local\\Android\\Sdk\\cmake\\3.22.1\\bin\\cmake.exe" ^
  "-HC:\\Users\\teemm\\reacte_projets\\EmpireCut\\node_modules\\react-native-gesture-handler\\android\\src\\main\\jni" ^
  "-DCMAKE_SYSTEM_NAME=Android" ^
  "-DCMAKE_EXPORT_COMPILE_COMMANDS=ON" ^
  "-DCMAKE_SYSTEM_VERSION=24" ^
  "-DANDROID_PLATFORM=android-24" ^
  "-DANDROID_ABI=x86_64" ^
  "-DCMAKE_ANDROID_ARCH_ABI=x86_64" ^
  "-DANDROID_NDK=C:\\Users\\teemm\\AppData\\Local\\Android\\Sdk\\ndk\\27.1.12297006" ^
  "-DCMAKE_ANDROID_NDK=C:\\Users\\teemm\\AppData\\Local\\Android\\Sdk\\ndk\\27.1.12297006" ^
  "-DCMAKE_TOOLCHAIN_FILE=C:\\Users\\teemm\\AppData\\Local\\Android\\Sdk\\ndk\\27.1.12297006\\build\\cmake\\android.toolchain.cmake" ^
  "-DCMAKE_MAKE_PROGRAM=C:\\Users\\teemm\\AppData\\Local\\Android\\Sdk\\cmake\\3.22.1\\bin\\ninja.exe" ^
  "-DCMAKE_CXX_FLAGS=-O2 -frtti -fexceptions -Wall -Werror -std=c++20 -DANDROID" ^
  "-DCMAKE_LIBRARY_OUTPUT_DIRECTORY=C:\\Users\\teemm\\reacte_projets\\EmpireCut\\node_modules\\react-native-gesture-handler\\android\\build\\intermediates\\cxx\\RelWithDebInfo\\63s345r6\\obj\\x86_64" ^
  "-DCMAKE_RUNTIME_OUTPUT_DIRECTORY=C:\\Users\\teemm\\reacte_projets\\EmpireCut\\node_modules\\react-native-gesture-handler\\android\\build\\intermediates\\cxx\\RelWithDebInfo\\63s345r6\\obj\\x86_64" ^
  "-DCMAKE_BUILD_TYPE=RelWithDebInfo" ^
  "-DCMAKE_FIND_ROOT_PATH=C:\\Users\\teemm\\reacte_projets\\EmpireCut\\node_modules\\react-native-gesture-handler\\android\\.cxx\\RelWithDebInfo\\63s345r6\\prefab\\x86_64\\prefab" ^
  "-BC:\\Users\\teemm\\reacte_projets\\EmpireCut\\node_modules\\react-native-gesture-handler\\android\\.cxx\\RelWithDebInfo\\63s345r6\\x86_64" ^
  -GNinja ^
  "-DREACT_NATIVE_DIR=C:\\Users\\teemm\\reacte_projets\\EmpireCut\\node_modules\\react-native" ^
  "-DREACT_NATIVE_MINOR_VERSION=85" ^
  "-DANDROID_STL=c++_shared" ^
  "-DANDROID_SUPPORT_FLEXIBLE_PAGE_SIZES=ON"

Starting process 'command 'C:\Users\teemm\AppData\Local\Android\Sdk\cmake\3.22.1\bin\cmake.exe''. Working directory: C:\Users\teemm\reacte_projets\EmpireCut\node_modules\react-native-gesture-handler\android Command: C:\Users\teemm\AppData\Local\Android\Sdk\cmake\3.22.1\bin\cmake.exe -HC:\Users\teemm\reacte_projets\EmpireCut\node_modules\react-native-gesture-handler\android\src\main\jni -DCMAKE_SYSTEM_NAME=Android -DCMAKE_EXPORT_COMPILE_COMMANDS=ON -DCMAKE_SYSTEM_VERSION=24 -DANDROID_PLATFORM=android-24 -DANDROID_ABI=x86_64 -DCMAKE_ANDROID_ARCH_ABI=x86_64 -DANDROID_NDK=C:\Users\teemm\AppData\Local\Android\Sdk\ndk\27.1.12297006 -DCMAKE_ANDROID_NDK=C:\Users\teemm\AppData\Local\Android\Sdk\ndk\27.1.12297006 -DCMAKE_TOOLCHAIN_FILE=C:\Users\teemm\AppData\Local\Android\Sdk\ndk\27.1.12297006\build\cmake\android.toolchain.cmake -DCMAKE_MAKE_PROGRAM=C:\Users\teemm\AppData\Local\Android\Sdk\cmake\3.22.1\bin\ninja.exe -DCMAKE_CXX_FLAGS=-O2 -frtti -fexceptions -Wall -Werror -std=c++20 -DANDROID -DCMAKE_LIBRARY_OUTPUT_DIRECTORY=C:\Users\teemm\reacte_projets\EmpireCut\node_modules\react-native-gesture-handler\android\build\intermediates\cxx\RelWithDebInfo\63s345r6\obj\x86_64 -DCMAKE_RUNTIME_OUTPUT_DIRECTORY=C:\Users\teemm\reacte_projets\EmpireCut\node_modules\react-native-gesture-handler\android\build\intermediates\cxx\RelWithDebInfo\63s345r6\obj\x86_64 -DCMAKE_BUILD_TYPE=RelWithDebInfo -DCMAKE_FIND_ROOT_PATH=C:\Users\teemm\reacte_projets\EmpireCut\node_modules\react-native-gesture-handler\android\.cxx\RelWithDebInfo\63s345r6\prefab\x86_64\prefab -BC:\Users\teemm\reacte_projets\EmpireCut\node_modules\react-native-gesture-handler\android\.cxx\RelWithDebInfo\63s345r6\x86_64 -GNinja -DREACT_NATIVE_DIR=C:\Users\teemm\reacte_projets\EmpireCut\node_modules\react-native -DREACT_NATIVE_MINOR_VERSION=85 -DANDROID_STL=c++_shared -DANDROID_SUPPORT_FLEXIBLE_PAGE_SIZES=ON
Successfully started process 'command 'C:\Users\teemm\AppData\Local\Android\Sdk\cmake\3.22.1\bin\cmake.exe''
C/C++: C:\Users\teemm\reacte_projets\EmpireCut\node_modules\react-native-gesture-handler\android\src\main\jni\CMakeLists.txt release|x86_64 : Received process result: 0
C/C++: C:\Users\teemm\reacte_projets\EmpireCut\node_modules\react-native-gesture-handler\android\src\main\jni\CMakeLists.txt release|x86_64 : Exiting generation of C:\Users\teemm\reacte_projets\EmpireCut\node_modules\react-native-gesture-handler\android\.cxx\RelWithDebInfo\63s345r6\x86_64\compile_commands.json.bin normally
C/C++: C:\Users\teemm\reacte_projets\EmpireCut\node_modules\react-native-gesture-handler\android\src\main\jni\CMakeLists.txt release|x86_64 : done executing cmake
C/C++: C:\Users\teemm\reacte_projets\EmpireCut\node_modules\react-native-gesture-handler\android\src\main\jni\CMakeLists.txt release|x86_64 : hard linked C:\Users\teemm\reacte_projets\EmpireCut\node_modules\react-native-gesture-handler\android\.cxx\RelWithDebInfo\63s345r6\x86_64\compile_commands.json to C:\Users\teemm\reacte_projets\EmpireCut\node_modules\react-native-gesture-handler\android\.cxx\tools\release\x86_64\compile_commands.json
C/C++: C:\Users\teemm\reacte_projets\EmpireCut\node_modules\react-native-gesture-handler\android\src\main\jni\CMakeLists.txt release|x86_64 : JSON generation completed without problems
C/C++: C:\Users\teemm\reacte_projets\EmpireCut\node_modules\react-native-gesture-handler\android\src\main\jni\CMakeLists.txt release|x86_64 : Writing build model to C:\Users\teemm\reacte_projets\EmpireCut\node_modules\react-native-gesture-handler\android\build\intermediates\cxx\RelWithDebInfo\63s345r6\logs\x86_64\build_model.json
Resolve mutations for :react-native-gesture-handler:buildCMakeRelWithDebInfo[x86_64] (Thread[included builds Thread 2,5,main]) started.
:react-native-gesture-handler:buildCMakeRelWithDebInfo[x86_64] (Thread[included builds Thread 2,5,main]) started.

> Task :react-native-gesture-handler:buildCMakeRelWithDebInfo[x86_64]
Deleting stale output file: C:\Users\teemm\reacte_projets\EmpireCut\node_modules\react-native-gesture-handler\android\build\intermediates\cxx\RelWithDebInfo\63s345r6\obj\x86_64
Caching disabled for task ':react-native-gesture-handler:buildCMakeRelWithDebInfo[x86_64]' because:
  Build cache is disabled
  Caching has been disabled for the task
Task ':react-native-gesture-handler:buildCMakeRelWithDebInfo[x86_64]' is not up-to-date because:
  Task.upToDateWhen is false.
C/C++: starting build
C/C++: reading expected JSONs
C/C++: done reading expected JSONs
C/C++: executing build commands for targets that produce .so files or executables
C/C++: evaluate miniconfig
C/C++: evaluate library gesturehandler (x86_64)
C/C++: building target library gesturehandler because no targets are specified.
C/C++: about to build targets gesturehandler
C/C++: Build gesturehandler
C/C++: @echo off
"C:\\Users\\teemm\\AppData\\Local\\Android\\Sdk\\cmake\\3.22.1\\bin\\ninja.exe" ^
  -C ^
  "C:\\Users\\teemm\\reacte_projets\\EmpireCut\\node_modules\\react-native-gesture-handler\\android\\.cxx\\RelWithDebInfo\\63s345r6\\x86_64" ^
  gesturehandler

Starting process 'command 'C:\Users\teemm\AppData\Local\Android\Sdk\cmake\3.22.1\bin\ninja.exe''. Working directory: C:\Users\teemm\reacte_projets\EmpireCut\node_modules\react-native-gesture-handler\android Command: C:\Users\teemm\AppData\Local\Android\Sdk\cmake\3.22.1\bin\ninja.exe -C C:\Users\teemm\reacte_projets\EmpireCut\node_modules\react-native-gesture-handler\android\.cxx\RelWithDebInfo\63s345r6\x86_64 gesturehandler
Successfully started process 'command 'C:\Users\teemm\AppData\Local\Android\Sdk\cmake\3.22.1\bin\ninja.exe''
C/C++: Received process result: 0
C/C++: check expected build outputs
C/C++: hard linked C:\Users\teemm\.gradle\caches\9.3.1\transforms\1a811400cc0489cd26373fbd36604dfc\workspace\transformed\react-android-0.85.3-release\prefab\modules\reactnative\libs\android.x86_64\libreactnative.so to C:\Users\teemm\reacte_projets\EmpireCut\node_modules\react-native-gesture-handler\android\build\intermediates\cxx\RelWithDebInfo\63s345r6\obj\x86_64\libreactnative.so
C/C++: hard linked C:\Users\teemm\.gradle\caches\9.3.1\transforms\1a811400cc0489cd26373fbd36604dfc\workspace\transformed\react-android-0.85.3-release\prefab\modules\jsi\libs\android.x86_64\libjsi.so to C:\Users\teemm\reacte_projets\EmpireCut\node_modules\react-native-gesture-handler\android\build\intermediates\cxx\RelWithDebInfo\63s345r6\obj\x86_64\libjsi.so
C/C++: hard linked C:\Users\teemm\.gradle\caches\9.3.1\transforms\3c01aea05d2737e987399f1309ae090e\workspace\transformed\fbjni-0.7.0\prefab\modules\fbjni\libs\android.x86_64\libfbjni.so to C:\Users\teemm\reacte_projets\EmpireCut\node_modules\react-native-gesture-handler\android\build\intermediates\cxx\RelWithDebInfo\63s345r6\obj\x86_64\libfbjni.so
C/C++: hard linked C:\Users\teemm\AppData\Local\Android\Sdk\ndk\27.1.12297006\toolchains\llvm\prebuilt\windows-x86_64\sysroot\usr\lib\x86_64-linux-android\libc++_shared.so to C:\Users\teemm\reacte_projets\EmpireCut\node_modules\react-native-gesture-handler\android\build\intermediates\cxx\RelWithDebInfo\63s345r6\obj\x86_64\libc++_shared.so
C/C++: build complete
Resolve mutations for :react-native-gesture-handler:mergeReleaseJniLibFolders (Thread[included builds Thread 2,5,main]) started.
:react-native-gesture-handler:mergeReleaseJniLibFolders (Thread[included builds Thread 2,5,main]) started.

> Task :react-native-gesture-handler:mergeReleaseJniLibFolders
Caching disabled for task ':react-native-gesture-handler:mergeReleaseJniLibFolders' because:
  Build cache is disabled
  Simple merging task
Task ':react-native-gesture-handler:mergeReleaseJniLibFolders' is not up-to-date because:
  No history is available.
The input changes require a full rebuild for incremental task ':react-native-gesture-handler:mergeReleaseJniLibFolders'.
Resolve mutations for :react-native-gesture-handler:mergeReleaseNativeLibs (Thread[included builds Thread 2,5,main]) started.
:react-native-gesture-handler:mergeReleaseNativeLibs (Thread[included builds Thread 2,5,main]) started.

> Task :react-native-gesture-handler:mergeReleaseNativeLibs
Caching disabled for task ':react-native-gesture-handler:mergeReleaseNativeLibs' because:
  Build cache is disabled
  Caching has been disabled for the task
Task ':react-native-gesture-handler:mergeReleaseNativeLibs' is not up-to-date because:
  No history is available.
Resolve mutations for :react-native-gesture-handler:copyReleaseJniLibsProjectOnly (Thread[included builds Thread 2,5,main]) started.
:react-native-gesture-handler:copyReleaseJniLibsProjectOnly (Thread[included builds Thread 2,5,main]) started.

> Task :react-native-gesture-handler:copyReleaseJniLibsProjectOnly
Caching disabled for task ':react-native-gesture-handler:copyReleaseJniLibsProjectOnly' because:
  Build cache is disabled
  Caching has been disabled for the task
Task ':react-native-gesture-handler:copyReleaseJniLibsProjectOnly' is not up-to-date because:
  No history is available.
work action resolve jni (project :react-native-gesture-handler) (Thread[included builds Thread 2,5,main]) started.
Resolve mutations for :react-native-image-picker:preReleaseBuild (Thread[included builds Thread 2,5,main]) started.
:react-native-image-picker:preReleaseBuild (Thread[included builds Thread 2,5,main]) started.

> Task :react-native-image-picker:preReleaseBuild UP-TO-DATE
Skipping task ':react-native-image-picker:preReleaseBuild' as it has no actions.
Resolve mutations for :react-native-image-picker:mergeReleaseJniLibFolders (Thread[included builds Thread 2,5,main]) started.
:react-native-image-picker:mergeReleaseJniLibFolders (Thread[included builds Thread 2,5,main]) started.

> Task :react-native-image-picker:mergeReleaseJniLibFolders
Caching disabled for task ':react-native-image-picker:mergeReleaseJniLibFolders' because:
  Build cache is disabled
  Simple merging task
Task ':react-native-image-picker:mergeReleaseJniLibFolders' is not up-to-date because:
  No history is available.
The input changes require a full rebuild for incremental task ':react-native-image-picker:mergeReleaseJniLibFolders'.
Resolve mutations for :react-native-image-picker:mergeReleaseNativeLibs (Thread[included builds Thread 2,5,main]) started.
:react-native-image-picker:mergeReleaseNativeLibs (Thread[included builds Thread 2,5,main]) started.

> Task :react-native-image-picker:mergeReleaseNativeLibs NO-SOURCE
Skipping task ':react-native-image-picker:mergeReleaseNativeLibs' as it has no source files and no previous output files.
Resolve mutations for :react-native-image-picker:copyReleaseJniLibsProjectOnly (Thread[included builds Thread 2,5,main]) started.
:react-native-image-picker:copyReleaseJniLibsProjectOnly (Thread[included builds Thread 2,5,main]) started.

> Task :react-native-image-picker:copyReleaseJniLibsProjectOnly
Caching disabled for task ':react-native-image-picker:copyReleaseJniLibsProjectOnly' because:
  Build cache is disabled
  Caching has been disabled for the task
Task ':react-native-image-picker:copyReleaseJniLibsProjectOnly' is not up-to-date because:
  No history is available.
work action resolve jni (project :react-native-image-picker) (Thread[included builds Thread 2,5,main]) started.
Resolve mutations for :react-native-linear-gradient:preReleaseBuild (Thread[included builds Thread 2,5,main]) started.
:react-native-linear-gradient:preReleaseBuild (Thread[included builds Thread 2,5,main]) started.

> Task :react-native-linear-gradient:preReleaseBuild UP-TO-DATE
Skipping task ':react-native-linear-gradient:preReleaseBuild' as it has no actions.
Resolve mutations for :react-native-linear-gradient:mergeReleaseJniLibFolders (Thread[included builds Thread 2,5,main]) started.
:react-native-linear-gradient:mergeReleaseJniLibFolders (Thread[included builds Thread 2,5,main]) started.

> Task :react-native-linear-gradient:mergeReleaseJniLibFolders
Caching disabled for task ':react-native-linear-gradient:mergeReleaseJniLibFolders' because:
  Build cache is disabled
  Simple merging task
Task ':react-native-linear-gradient:mergeReleaseJniLibFolders' is not up-to-date because:
  No history is available.
The input changes require a full rebuild for incremental task ':react-native-linear-gradient:mergeReleaseJniLibFolders'.
Resolve mutations for :react-native-linear-gradient:mergeReleaseNativeLibs (Thread[included builds Thread 2,5,main]) started.
:react-native-linear-gradient:mergeReleaseNativeLibs (Thread[included builds Thread 2,5,main]) started.

> Task :react-native-linear-gradient:mergeReleaseNativeLibs NO-SOURCE
Skipping task ':react-native-linear-gradient:mergeReleaseNativeLibs' as it has no source files and no previous output files.
Resolve mutations for :react-native-linear-gradient:copyReleaseJniLibsProjectOnly (Thread[included builds Thread 2,5,main]) started.
:react-native-linear-gradient:copyReleaseJniLibsProjectOnly (Thread[included builds Thread 2,5,main]) started.

> Task :react-native-linear-gradient:copyReleaseJniLibsProjectOnly
Caching disabled for task ':react-native-linear-gradient:copyReleaseJniLibsProjectOnly' because:
  Build cache is disabled
  Caching has been disabled for the task
Task ':react-native-linear-gradient:copyReleaseJniLibsProjectOnly' is not up-to-date because:
  No history is available.
work action resolve jni (project :react-native-linear-gradient) (Thread[included builds Thread 2,5,main]) started.
Resolve mutations for :react-native-reanimated:mergeReleaseJniLibFolders (Thread[included builds Thread 2,5,main]) started.
:react-native-reanimated:mergeReleaseJniLibFolders (Thread[included builds Thread 2,5,main]) started.

> Task :react-native-reanimated:mergeReleaseJniLibFolders
Caching disabled for task ':react-native-reanimated:mergeReleaseJniLibFolders' because:
  Build cache is disabled
  Simple merging task
Task ':react-native-reanimated:mergeReleaseJniLibFolders' is not up-to-date because:
  No history is available.
The input changes require a full rebuild for incremental task ':react-native-reanimated:mergeReleaseJniLibFolders'.
Resolve mutations for :react-native-reanimated:mergeReleaseNativeLibs (Thread[included builds Thread 2,5,main]) started.
:react-native-reanimated:mergeReleaseNativeLibs (Thread[included builds Thread 2,5,main]) started.

> Task :react-native-reanimated:mergeReleaseNativeLibs
Caching disabled for task ':react-native-reanimated:mergeReleaseNativeLibs' because:
  Build cache is disabled
  Caching has been disabled for the task
Task ':react-native-reanimated:mergeReleaseNativeLibs' is not up-to-date because:
  No history is available.

> Task :react-native-reanimated:mergeReleaseNativeLibs FAILED
Build 820be269-f4e1-4283-9778-5f598fc5743b is closed
Build af4ccb3d-a12f-4857-a3c4-3eda61b35c5e is closed

FAILURE: Build completed with 2 failures.

1: Task failed with an exception.
-----------
* What went wrong:
Execution failed for task ':react-native-reanimated:mergeReleaseNativeLibs'.
> A failure occurred while executing com.android.build.gradle.internal.tasks.MergeNativeLibsTask$MergeNativeLibsTaskWorkAction
   > Espace insuffisant sur le disque

* Try:
> Run with --stacktrace option to get the stack trace.
> Run with --debug option to get more log output.
> Run with --scan to get full insights from a Build Scan (powered by Develocity).
> Get more help at https://help.gradle.org.
==============================================================================

2: Task failed with an exception.
-----------
* What went wrong:
java.io.IOException: Espace insuffisant sur le disque

* Try:
> Run with --stacktrace option to get the stack trace.
> Run with --debug option to get more log output.
> Run with --scan to get full insights from a Build Scan (powered by Develocity).
> Get more help at https://help.gradle.org.
==============================================================================

Deprecated Gradle features were used in this build, making it incompatible with Gradle 10.

You can use '--warning-mode all' to show the individual deprecation warnings and determine if they come from your own scripts or plugins.

For more on this, please refer to https://docs.gradle.org/9.3.1/userguide/command_line_interface.html#sec:command_line_warnings in the Gradle documentation.

BUILD FAILED in 1h 50s
89 actionable tasks: 58 executed, 31 up-to-date
Watched directory hierarchies: [C:\Users\teemm\reacte_projets\EmpireCut\node_modules\@react-native\gradle-plugin, C:\Users\teemm\reacte_projets\EmpireCut\android]

C:\Users\teemm\reacte_projets\EmpireCut\android>if 1 EQU 0 goto mainEnd 

C:\Users\teemm\reacte_projets\EmpireCut\android>rem Set variable GRADLE_EXIT_CONSOLE if you need the _script_ return code instead of 

C:\Users\teemm\reacte_projets\EmpireCut\android>rem the _cmd.exe /c_ return code! 

C:\Users\teemm\reacte_projets\EmpireCut\android>set EXIT_CODE=1 

C:\Users\teemm\reacte_projets\EmpireCut\android>if 1 EQU 0 set EXIT_CODE=1 

C:\Users\teemm\reacte_projets\EmpireCut\android>if not "" == "" exit 1 

C:\Users\teemm\reacte_projets\EmpireCut\android>exit /b 1 
